ts	datetime	sig	entry	exit	reason	gross	comm	net	bars_held
1753876800000	2025-07-30 12:00	short	117739.19	117482.3	TP	25.69	5.887	19.8	0
1753882200000	2025-07-30 13:30	short	117675.79	117852.99	SL	-17.72	5.8838	-23.6	1
1753905600000	2025-07-30 20:00	short	117114.19	117367.66	SL	-25.35	5.8557	-31.2	4
1753966800000	2025-07-31 13:00	long	118146.82	118344.04	TP	19.72	5.9073	13.81	0
1754038800000	2025-08-01 09:00	short	115306.83	114924.63	TP	38.22	5.7653	32.45	0
1754042400000	2025-08-01 10:00	short	115020.08	114652.84	TP	36.72	5.751	30.97	2
1754046000000	2025-08-01 11:00	short	115085.73	114727.3	TP	35.84	5.7543	30.09	0
1754056800000	2025-08-01 14:00	short	115746.46	115270.13	TP	47.63	5.7873	41.85	0
1754080200000	2025-08-01 20:30	short	113951.09	113469.27	TP	48.18	5.6976	42.48	0
1754089200000	2025-08-01 23:00	short	113549.44	113081.57	TP	46.79	5.6775	41.11	0
1754092800000	2025-08-02 00:00	short	113565.05	113859.86	SL	-29.48	5.6783	-35.16	2
1754141400000	2025-08-02 13:30	short	113457.85	113247.72	TP	21.01	5.6729	15.34	0
1754146800000	2025-08-02 15:00	short	113246.92	113394.09	SL	-14.72	5.6623	-20.38	0
1754152200000	2025-08-02 16:30	short	113200.25	112966.84	TP	23.34	5.66	17.68	0
1754161200000	2025-08-02 19:00	short	112708.0	112412.99	TP	29.5	5.6354	23.87	0
1754166600000	2025-08-02 20:30	short	112780.0	112463.87	TP	31.61	5.639	25.97	0
1754283600000	2025-08-04 05:00	long	114226.19	114420.38	TP	19.42	5.7113	13.71	2
1754287200000	2025-08-04 06:00	long	114250.25	114444.9	TP	19.47	5.7125	13.75	1
1754299800000	2025-08-04 09:30	long	114325.92	114528.68	TP	20.28	5.7163	14.56	0
1754335800000	2025-08-04 19:30	long	114777.62	115031.66	TP	25.4	5.7389	19.67	2
1754352000000	2025-08-05 00:00	long	114900.36	115120.42	TP	22.01	5.745	16.26	0
1754370000000	2025-08-05 05:00	short	114394.0	114196.14	TP	19.79	5.7197	14.07	3
1754380800000	2025-08-05 08:00	short	114373.02	114154.21	TP	21.88	5.7187	16.16	0
1754395200000	2025-08-05 12:00	long	114530.01	114376.83	SL	-15.32	5.7265	-21.04	0
1754398800000	2025-08-05 13:00	short	114171.91	113903.93	TP	26.8	5.7086	21.09	0
1754415000000	2025-08-05 17:30	short	113640.01	113307.53	TP	33.25	5.682	27.57	0
1754530200000	2025-08-07 01:30	long	114763.46	114619.85	SL	-14.36	5.7382	-20.1	0
1754542800000	2025-08-07 05:00	short	114463.91	114594.43	SL	-13.05	5.7232	-18.77	2
1754618400000	2025-08-08 02:00	long	116779.23	116599.75	SL	-17.95	5.839	-23.79	7
1754623800000	2025-08-08 03:30	long	116737.35	116570.74	SL	-16.66	5.8369	-22.5	4
1754640000000	2025-08-08 08:00	long	116678.22	116883.01	TP	20.48	5.8339	14.65	0
1754654400000	2025-08-08 12:00	long	116618.0	116809.97	TP	19.2	5.8309	13.37	0
1754663400000	2025-08-08 14:30	long	116491.53	116712.33	TP	22.08	5.8246	16.26	0
1754677800000	2025-08-08 18:30	long	116497.99	116343.3	SL	-15.47	5.8249	-21.29	0
1754699400000	2025-08-09 00:30	long	116586.0	116471.3	SL	-11.47	5.8293	-17.3	3
1754746200000	2025-08-09 13:30	long	116968.32	116846.51	SL	-12.18	5.8484	-18.03	1
1754751600000	2025-08-09 15:00	long	116833.04	116706.76	SL	-12.63	5.8417	-18.47	0
1754775000000	2025-08-09 21:30	short	116524.09	116635.68	SL	-11.16	5.8262	-16.98	1
1754787600000	2025-08-10 01:00	long	116614.86	116765.68	TP	15.08	5.8307	9.25	0
1754856000000	2025-08-10 20:00	long	118284.14	118135.24	SL	-14.89	5.9142	-20.8	0
1754910000000	2025-08-11 11:00	long	120507.11	120834.85	TP	32.77	6.0254	26.75	0
1754929800000	2025-08-11 16:30	long	119953.65	120339.23	TP	38.56	5.9977	32.56	0
1754956800000	2025-08-12 00:00	short	118886.83	119123.54	SL	-23.67	5.9443	-29.62	4
1754976600000	2025-08-12 05:30	short	118819.99	118538.54	TP	28.15	5.941	22.2	0
1754992800000	2025-08-12 10:00	short	118530.59	118276.76	TP	25.38	5.9265	19.46	0
1754996400000	2025-08-12 11:00	short	118500.3	118249.85	TP	25.05	5.925	19.12	0
1755046800000	2025-08-13 01:00	long	119505.38	119304.44	SL	-20.09	5.9753	-26.07	2
1755059400000	2025-08-13 04:30	long	119335.01	119614.22	TP	27.92	5.9668	21.95	0
1755147600000	2025-08-14 05:00	long	122705.49	123066.55	TP	36.11	6.1353	29.97	0
1755208800000	2025-08-14 22:00	short	118216.57	117745.97	TP	47.06	5.9108	41.15	0
1755293400000	2025-08-15 21:30	short	117320.02	117517.62	SL	-19.76	5.866	-25.63	2
1755383400000	2025-08-16 22:30	short	117460.56	117536.79	SL	-7.62	5.873	-13.5	0
1755394200000	2025-08-17 01:30	short	117439.97	117321.95	TP	11.8	5.872	5.93	0
1755446400000	2025-08-17 16:00	long	118071.92	117975.57	SL	-9.63	5.9036	-15.54	0
1755457200000	2025-08-17 19:00	short	117749.11	117575.48	TP	17.36	5.8875	11.48	0
1755460800000	2025-08-17 20:00	short	117636.73	117752.43	SL	-11.57	5.8818	-17.45	3
1755464400000	2025-08-17 21:00	short	117649.28	117757.76	SL	-10.85	5.8825	-16.73	1
1755520200000	2025-08-18 12:30	short	115519.99	115258.67	TP	26.13	5.776	20.36	0
1755525600000	2025-08-18 14:00	short	115375.3	115072.59	TP	30.27	5.7688	24.5	0
1755577800000	2025-08-19 04:30	short	115305.99	114965.52	TP	34.05	5.7653	28.28	0
1755583200000	2025-08-19 06:00	short	115136.82	114807.79	TP	32.9	5.7568	27.15	2
1755588600000	2025-08-19 07:30	short	114978.14	114663.56	TP	31.46	5.7489	25.71	0
1755655200000	2025-08-20 02:00	short	113308.4	113007.23	TP	30.12	5.6654	24.45	0
1755698400000	2025-08-20 14:00	short	113153.29	112842.35	TP	31.09	5.6577	25.44	0
1755777600000	2025-08-21 12:00	short	113232.56	113399.69	SL	-16.71	5.6616	-22.37	1
1755781200000	2025-08-21 13:00	short	113324.51	113069.1	TP	25.54	5.6662	19.87	0
1755806400000	2025-08-21 20:00	short	112457.05	112661.6	SL	-20.46	5.6229	-26.08	1
1755810000000	2025-08-21 21:00	short	112542.92	112209.79	TP	33.31	5.6271	27.69	0
1755865800000	2025-08-22 12:30	short	112341.5	112529.38	SL	-18.79	5.6171	-24.41	0
1755914400000	2025-08-23 02:00	long	115866.32	116187.29	TP	32.1	5.7933	26.3	0
1755982800000	2025-08-23 21:00	long	115077.27	115246.71	TP	16.94	5.7539	11.19	0
1756018800000	2025-08-24 07:00	short	115040.0	114880.96	TP	15.9	5.752	10.15	0
1756031400000	2025-08-24 10:30	short	114790.4	114900.77	SL	-11.04	5.7395	-16.78	0
1756035000000	2025-08-24 11:30	short	114730.22	114839.22	SL	-10.9	5.7365	-16.64	1
1756047600000	2025-08-24 15:00	short	114633.39	114749.81	SL	-11.64	5.7317	-17.37	0
1756058400000	2025-08-24 18:00	short	114664.64	114797.49	SL	-13.29	5.7332	-19.02	0
1756074600000	2025-08-24 22:30	short	113451.02	113003.05	TP	44.8	5.6726	39.12	0
1756083600000	2025-08-25 01:00	short	112984.97	113270.51	SL	-28.55	5.6492	-34.2	2
1756123200000	2025-08-25 12:00	short	111682.49	111322.61	TP	35.99	5.5841	30.4	0
1756171800000	2025-08-26 01:30	short	109897.2	110228.47	SL	-33.13	5.4949	-38.62	6
1756179000000	2025-08-26 03:30	short	109879.56	110169.31	SL	-28.97	5.494	-34.47	1
1756283400000	2025-08-27 08:30	short	110756.01	110490.85	TP	26.52	5.5378	20.98	0
1756330200000	2025-08-27 21:30	long	111528.19	111264.73	SL	-26.35	5.5764	-31.92	1
1756348200000	2025-08-28 02:30	long	111500.0	111828.24	TP	32.82	5.575	27.25	1
1756389600000	2025-08-28 14:00	long	112634.67	112903.61	TP	26.89	5.6317	21.26	0
1756393200000	2025-08-28 15:00	long	112567.14	112880.61	TP	31.35	5.6284	25.72	0
1756398600000	2025-08-28 16:30	long	112329.44	112664.91	TP	33.55	5.6165	27.93	0
1756411200000	2025-08-28 20:00	short	112012.21	112220.0	SL	-20.78	5.6006	-26.38	4
1756427400000	2025-08-29 00:30	long	112200.94	112460.04	TP	25.91	5.61	20.3	0
1756438200000	2025-08-29 03:30	short	111704.23	111439.09	TP	26.51	5.5852	20.93	2
1756468800000	2025-08-29 12:00	short	110340.53	110079.32	TP	26.12	5.517	20.6	0
1756503000000	2025-08-29 21:30	short	108450.01	108066.22	TP	38.38	5.4225	32.96	0
1756522800000	2025-08-30 03:00	short	108231.2	107919.67	TP	31.15	5.4116	25.74	0
1756636200000	2025-08-31 10:30	short	108560.23	108389.93	TP	17.03	5.428	11.6	0
1756647000000	2025-08-31 13:30	short	108418.02	108252.62	TP	16.54	5.4209	11.12	0
1756688400000	2025-09-01 01:00	short	108241.63	107995.4	TP	24.62	5.4121	19.21	0
1756704600000	2025-09-01 05:30	short	107866.12	107599.07	TP	26.7	5.3933	21.31	1
1756758600000	2025-09-01 20:30	long	108877.38	108682.66	SL	-19.47	5.4439	-24.92	0
1756765800000	2025-09-01 22:30	short	108444.96	108100.84	TP	34.41	5.4222	28.99	0
1756810800000	2025-09-02 11:00	long	109886.54	110157.22	TP	27.07	5.4943	21.57	0
1756875600000	2025-09-03 05:00	long	110778.55	111061.76	TP	28.32	5.5389	22.78	0
1756902600000	2025-09-03 12:30	long	111112.0	111359.43	TP	24.74	5.5556	19.19	0
1756940400000	2025-09-03 23:00	long	111808.84	111642.28	SL	-16.66	5.5904	-22.25	1
1756947600000	2025-09-04 01:00	long	111795.9	112048.14	TP	25.22	5.5898	19.63	0
1756951200000	2025-09-04 02:00	long	111430.46	111689.1	TP	25.86	5.5715	20.29	0
1756976400000	2025-09-04 09:00	short	110808.36	110959.88	SL	-15.15	5.5404	-20.69	2
1756983600000	2025-09-04 11:00	short	110912.25	110674.02	TP	23.82	5.5456	18.28	0
1757010600000	2025-09-04 18:30	short	109977.0	110166.14	SL	-18.91	5.4989	-24.41	3
1757016000000	2025-09-04 20:00	short	110358.12	110070.38	TP	28.77	5.5179	23.26	0
1757095200000	2025-09-05 18:00	short	111056.01	110690.98	TP	36.5	5.5528	30.95	0
1757102400000	2025-09-05 20:00	long	111379.88	111154.07	SL	-22.58	5.569	-28.15	2
1757199600000	2025-09-06 23:00	short	110264.0	110147.77	TP	11.62	5.5132	6.11	0
1757264400000	2025-09-07 17:00	long	110966.12	111103.63	TP	13.75	5.5483	8.2	0
1757280600000	2025-09-07 21:30	long	111050.14	111184.32	TP	13.42	5.5525	7.87	0
1757302200000	2025-09-08 03:30	long	111052.11	111258.73	TP	20.66	5.5526	15.11	0
1757305800000	2025-09-08 04:30	long	110979.35	111182.24	TP	20.29	5.549	14.74	0
1757361600000	2025-09-08 20:00	long	112031.5	112263.88	TP	23.24	5.6016	17.64	3
1757374200000	2025-09-08 23:30	long	112065.23	111935.87	SL	-12.94	5.6033	-18.54	1
1757417400000	2025-09-09 11:30	long	112433.59	112656.41	TP	22.28	5.6217	16.66	0
1757426400000	2025-09-09 14:00	long	112320.24	112145.48	SL	-17.48	5.616	-23.09	0
1757449800000	2025-09-09 20:30	short	111530.16	111284.78	TP	24.54	5.5765	18.96	0
1757469600000	2025-09-10 02:00	short	111356.65	111120.46	TP	23.62	5.5678	18.05	0
1757583000000	2025-09-11 09:30	long	113895.29	114087.45	TP	19.22	5.6948	13.52	2
1757588400000	2025-09-11 11:00	long	113923.75	114101.65	TP	17.79	5.6962	12.09	0
1757593800000	2025-09-11 12:30	long	113975.99	113825.81	SL	-15.02	5.6988	-20.72	0
1757662200000	2025-09-12 07:30	long	115086.7	114947.05	SL	-13.96	5.7543	-19.72	3
1757665800000	2025-09-12 08:30	long	115048.0	114909.94	SL	-13.81	5.7524	-19.56	2
1757676600000	2025-09-12 11:30	long	114913.45	115096.99	TP	18.35	5.7457	12.61	0
1757682000000	2025-09-12 13:00	long	114936.94	115127.07	TP	19.01	5.7468	13.27	1
1757689200000	2025-09-12 15:00	long	115000.71	115218.44	TP	21.77	5.75	16.02	0
1757727000000	2025-09-13 01:30	long	115764.3	115612.53	SL	-15.18	5.7882	-20.97	0
1757736000000	2025-09-13 04:00	long	115754.16	115954.16	TP	20.0	5.7877	14.21	0
1757748600000	2025-09-13 07:30	long	115778.71	115935.81	TP	15.71	5.7889	9.92	2
1757770200000	2025-09-13 13:30	long	115761.05	115670.75	SL	-9.03	5.7881	-14.82	0
1757773800000	2025-09-13 14:30	long	115797.68	115704.06	SL	-9.36	5.7899	-15.15	2
1757811600000	2025-09-14 01:00	long	115821.88	115940.66	TP	11.88	5.7911	6.09	1
1757818800000	2025-09-14 03:00	long	115740.12	115654.13	SL	-8.6	5.787	-14.39	0
1757829600000	2025-09-14 06:00	long	115760.37	115879.94	TP	11.96	5.788	6.17	0
1757847600000	2025-09-14 11:00	long	115863.33	115972.07	TP	10.87	5.7932	5.08	0
1757865600000	2025-09-14 16:00	short	115502.05	115350.06	TP	15.2	5.7751	9.42	0
1757899800000	2025-09-15 01:30	short	115231.69	115349.75	SL	-11.81	5.7616	-17.57	1
1757923200000	2025-09-15 08:00	long	115651.03	115497.77	SL	-15.33	5.7826	-21.11	0
1757926800000	2025-09-15 09:00	short	115089.83	114813.78	TP	27.61	5.7545	21.85	0
1757935800000	2025-09-15 11:30	short	115070.0	114819.41	TP	25.06	5.7535	19.31	1
1757941200000	2025-09-15 13:00	short	115042.44	114793.19	TP	24.93	5.7521	19.17	0
1757944800000	2025-09-15 14:00	short	115017.56	114736.03	TP	28.15	5.7509	22.4	0
1758015000000	2025-09-16 09:30	long	115477.27	115346.32	SL	-13.1	5.7739	-18.87	3
1758033000000	2025-09-16 14:30	short	115296.86	115077.72	TP	21.91	5.7648	16.15	0
1758079800000	2025-09-17 03:30	long	116372.04	116573.83	TP	20.18	5.8186	14.36	0
1758101400000	2025-09-17 09:30	long	116550.01	116746.38	TP	19.64	5.8275	13.81	0
1758132000000	2025-09-17 18:00	short	115961.73	116158.94	SL	-19.72	5.7981	-25.52	0
1758135600000	2025-09-17 19:00	short	115752.0	115385.67	TP	36.63	5.7876	30.85	0
1758231000000	2025-09-18 21:30	long	117299.21	117160.94	SL	-13.83	5.865	-19.69	2
1758245400000	2025-09-19 01:30	long	117241.32	117102.52	SL	-13.88	5.8621	-19.74	1
1758265200000	2025-09-19 07:00	short	116865.22	116690.89	TP	17.43	5.8433	11.59	0
1758270600000	2025-09-19 08:30	long	116915.88	117082.82	TP	16.69	5.8458	10.85	0
1758319200000	2025-09-19 22:00	short	115588.04	115706.41	SL	-11.84	5.7794	-17.62	5
1758324600000	2025-09-19 23:30	short	115632.38	115468.27	TP	16.41	5.7816	10.63	0
1758414600000	2025-09-21 00:30	short	115660.01	115577.4	TP	8.26	5.783	2.48	0
1758421800000	2025-09-21 02:30	short	115690.76	115605.18	TP	8.56	5.7845	2.77	0
1758430800000	2025-09-21 05:00	short	115536.14	115587.88	SL	-5.17	5.7768	-10.95	1
1758474000000	2025-09-21 17:00	short	115400.0	115470.51	SL	-7.05	5.77	-12.82	0
1758490200000	2025-09-21 21:30	short	115405.48	115296.59	TP	10.89	5.7703	5.12	0
1758511800000	2025-09-22 03:30	short	114649.89	114443.44	TP	20.65	5.7325	14.91	0
1758517200000	2025-09-22 05:00	short	114530.01	114335.11	TP	19.49	5.7265	13.76	1
1758546000000	2025-09-22 13:00	short	112946.72	112679.93	TP	26.68	5.6473	21.03	0
1758555000000	2025-09-22 15:30	short	112815.5	112513.45	TP	30.2	5.6408	24.56	3
1758564000000	2025-09-22 18:00	short	112675.13	112397.71	TP	27.74	5.6338	22.11	0
1758573000000	2025-09-22 20:30	short	112781.88	112488.38	TP	29.35	5.6391	23.71	0
1758596400000	2025-09-23 03:00	short	112309.25	112023.99	TP	28.53	5.6155	22.91	0
1758661200000	2025-09-23 21:00	short	112074.65	112242.54	SL	-16.79	5.6037	-22.39	6
1758686400000	2025-09-24 04:00	short	112021.4	111739.22	TP	28.22	5.6011	22.62	0
1758758400000	2025-09-25 00:00	long	113131.0	113330.74	TP	19.97	5.6566	14.32	0
1758767400000	2025-09-25 02:30	short	112907.38	113069.6	SL	-16.22	5.6454	-21.87	0
1758787200000	2025-09-25 08:00	short	112031.17	111766.82	TP	26.43	5.6016	20.83	0
1758790800000	2025-09-25 09:00	short	112079.77	111806.76	TP	27.3	5.604	21.7	0
1758794400000	2025-09-25 10:00	short	111761.55	111480.5	TP	28.11	5.5881	22.52	2
1758805200000	2025-09-25 13:00	short	111617.01	111302.44	TP	31.46	5.5809	25.88	0
1758808800000	2025-09-25 14:00	short	111499.52	111134.47	TP	36.5	5.575	30.93	0
1758814200000	2025-09-25 15:30	short	111580.77	111199.8	TP	38.1	5.579	32.52	0
1758846600000	2025-09-26 00:30	short	109472.13	109074.93	TP	39.72	5.4736	34.25	0
1758886200000	2025-09-26 11:30	short	109133.5	108846.1	TP	28.74	5.4567	23.28	0
1758965400000	2025-09-27 09:30	short	109292.73	109149.08	TP	14.36	5.4646	8.9	0
1759208400000	2025-09-30 05:00	long	113939.97	114148.76	TP	20.88	5.697	15.18	0
1759244400000	2025-09-30 15:00	long	113050.33	113325.7	TP	27.54	5.6525	21.88	0
1759455000000	2025-10-03 01:30	long	119875.72	120176.03	TP	30.03	5.9938	24.04	2
1759469400000	2025-10-03 05:30	long	119920.4	119757.4	SL	-16.3	5.996	-22.3	0
1759541400000	2025-10-04 01:30	long	121865.21	122193.98	TP	32.88	6.0933	26.78	4
1759573800000	2025-10-04 10:30	long	122129.53	121994.11	SL	-13.54	6.1065	-19.65	1
1759588200000	2025-10-04 14:30	long	122000.01	122189.07	TP	18.91	6.1	12.81	0
1759609800000	2025-10-04 20:30	long	121892.89	122072.85	TP	18.0	6.0946	11.9	1
1759656600000	2025-10-05 09:30	long	123020.5	123389.02	TP	36.85	6.151	30.7	0
1759735800000	2025-10-06 07:30	long	123390.47	123692.43	TP	30.2	6.1695	24.03	0
1759784400000	2025-10-06 21:00	long	124789.2	124531.23	SL	-25.8	6.2395	-32.04	0
1759791600000	2025-10-06 23:00	long	124846.39	124604.34	SL	-24.2	6.2423	-30.45	3
1759798800000	2025-10-07 01:00	long	124713.98	124486.28	SL	-22.77	6.2357	-29.01	0
1759867200000	2025-10-07 20:00	short	122196.47	121725.47	TP	47.1	6.1098	40.99	0
1759881600000	2025-10-08 00:00	short	121587.8	121850.86	SL	-26.31	6.0794	-32.39	1
1759896000000	2025-10-08 04:00	short	121471.37	121099.99	TP	37.14	6.0736	31.06	0
1759982400000	2025-10-09 04:00	short	122236.27	121923.15	TP	31.31	6.1118	25.2	0
1760000400000	2025-10-09 09:00	short	121699.86	121397.61	TP	30.22	6.085	24.14	0
1760031000000	2025-10-09 17:30	short	120974.0	120471.15	TP	50.28	6.0487	44.24	0
1760149800000	2025-10-11 02:30	short	113196.48	111864.34	TP	133.21	5.6598	127.55	1
1760153400000	2025-10-11 03:30	short	112300.01	111046.54	TP	125.35	5.615	119.73	7
1760171400000	2025-10-11 08:30	short	111328.38	111955.35	SL	-62.7	5.5664	-68.26	3
1760220000000	2025-10-11 22:00	short	110928.87	111257.85	SL	-32.9	5.5464	-38.44	1
1760234400000	2025-10-12 02:00	short	110447.44	109986.39	TP	46.1	5.5224	40.58	0
1760238000000	2025-10-12 03:00	short	110960.34	111310.92	SL	-35.06	5.548	-40.61	0
1760351400000	2025-10-13 10:30	long	114810.62	114575.0	SL	-23.56	5.7405	-29.3	1
1760364000000	2025-10-13 14:00	long	114318.48	114792.88	TP	47.44	5.7159	41.72	0
1760374800000	2025-10-13 17:00	long	114546.0	114222.64	SL	-32.34	5.7273	-38.06	1
1760401800000	2025-10-14 00:30	long	114959.03	115302.01	TP	34.3	5.748	28.55	0
1760450400000	2025-10-14 14:00	short	111818.85	112163.33	SL	-34.45	5.5909	-40.04	0
1760531400000	2025-10-15 12:30	short	111711.25	111978.02	SL	-26.68	5.5856	-32.26	2
1760536800000	2025-10-15 14:00	short	111918.76	112216.96	SL	-29.82	5.5959	-35.42	0
1760549400000	2025-10-15 17:30	short	111186.78	110681.93	TP	50.48	5.5593	44.93	0
1760569200000	2025-10-15 23:00	short	110880.0	110413.24	TP	46.68	5.544	41.13	3
1760576400000	2025-10-16 01:00	short	110893.3	110455.98	TP	43.73	5.5447	38.19	0
1760625000000	2025-10-16 14:30	short	110529.34	110865.06	SL	-33.57	5.5265	-39.1	0
1760650200000	2025-10-16 21:30	short	108443.7	107870.82	TP	57.29	5.4222	51.87	2
1760655600000	2025-10-16 23:00	short	108313.68	107779.71	TP	53.4	5.4157	47.98	0
1760698800000	2025-10-17 11:00	short	106257.17	105627.91	TP	62.93	5.3129	57.61	0
1760706000000	2025-10-17 13:00	short	105505.06	104905.31	TP	59.97	5.2753	54.7	0
1760713200000	2025-10-17 15:00	short	106091.31	105424.96	TP	66.63	5.3046	61.33	0
1760979600000	2025-10-20 17:00	long	110368.51	110757.17	TP	38.87	5.5184	33.35	0
1760995800000	2025-10-20 21:30	long	110563.2	110325.62	SL	-23.76	5.5282	-29.29	5
1761003000000	2025-10-20 23:30	long	110532.09	110320.34	SL	-21.17	5.5266	-26.7	1
1761042600000	2025-10-21 10:30	short	108499.56	108735.1	SL	-23.55	5.425	-28.98	0
1761080400000	2025-10-21 21:00	long	110506.48	110093.27	SL	-41.32	5.5253	-46.85	2
1761107400000	2025-10-22 04:30	short	108625.6	108159.19	TP	46.64	5.4313	41.21	1
1761118200000	2025-10-22 07:30	short	108321.63	107915.98	TP	40.57	5.4161	35.15	3
1761134400000	2025-10-22 12:00	short	107983.4	107564.35	TP	41.9	5.3992	36.51	0
1761168600000	2025-10-22 21:30	short	107207.98	107542.68	SL	-33.47	5.3604	-38.83	1
1761172200000	2025-10-22 22:30	short	107196.82	107523.27	SL	-32.65	5.3598	-38.0	1
1761251400000	2025-10-23 20:30	long	109524.81	109948.16	TP	42.33	5.4762	36.86	0
1761314400000	2025-10-24 14:00	long	110000.43	109739.5	SL	-26.09	5.5	-31.59	0
1761334200000	2025-10-24 19:30	long	110615.07	110966.44	TP	35.14	5.5308	29.61	2
1761352200000	2025-10-25 00:30	long	110766.6	111031.74	TP	26.51	5.5383	20.98	1
1761406200000	2025-10-25 15:30	long	111385.18	111270.55	SL	-11.46	5.5693	-17.03	1
1761424200000	2025-10-25 20:30	long	111431.94	111578.28	TP	14.63	5.5716	9.06	4
1761445800000	2025-10-26 02:30	long	111448.85	111590.8	TP	14.2	5.5724	8.62	0
1761512400000	2025-10-26 21:00	long	113065.86	112917.88	SL	-14.8	5.6533	-20.45	0
1761573600000	2025-10-27 14:00	long	114990.8	114777.51	SL	-21.33	5.7495	-27.08	0
1761579000000	2025-10-27 15:30	long	114969.68	115277.28	TP	30.76	5.7485	25.01	1
1761591600000	2025-10-27 19:00	long	115001.4	115298.98	TP	29.76	5.7501	24.01	0
1761625800000	2025-10-28 04:30	short	113964.59	113685.54	TP	27.91	5.6982	22.21	2
1761631200000	2025-10-28 06:00	short	113840.02	114020.85	SL	-18.08	5.692	-23.78	1
1761636600000	2025-10-28 07:30	long	114188.37	114448.73	TP	26.04	5.7094	20.33	2
1761642000000	2025-10-28 09:00	long	114234.92	114487.84	TP	25.29	5.7117	19.58	0
1761652800000	2025-10-28 12:00	long	114190.46	114415.09	TP	22.46	5.7095	16.75	1
1761665400000	2025-10-28 15:30	long	114641.38	115001.52	TP	36.01	5.7321	30.28	0
1761710400000	2025-10-29 04:00	short	112711.97	112925.18	SL	-21.32	5.6356	-26.96	2
1761748200000	2025-10-29 14:30	short	112488.44	112696.68	SL	-20.82	5.6244	-26.45	0
1761759000000	2025-10-29 17:30	short	111883.49	111534.89	TP	34.86	5.5942	29.27	0
1761768000000	2025-10-29 20:00	short	111329.97	110818.92	TP	51.11	5.5665	45.54	0
1761789600000	2025-10-30 02:00	short	110918.62	110502.64	TP	41.6	5.5459	36.05	0
1761802200000	2025-10-30 05:30	short	110248.29	109668.49	TP	57.98	5.5124	52.47	0
1761856200000	2025-10-30 20:30	short	107510.91	106990.21	TP	52.07	5.3755	46.69	0
1762088400000	2025-11-02 13:00	long	110407.23	110245.68	SL	-16.15	5.5204	-21.67	0
1762092000000	2025-11-02 14:00	long	110307.99	110557.09	TP	24.91	5.5154	19.39	0
1762167600000	2025-11-03 11:00	short	107637.16	107244.83	TP	39.23	5.3819	33.85	0
1762187400000	2025-11-03 16:30	short	106678.44	107037.38	SL	-35.89	5.3339	-41.23	1
1762209000000	2025-11-03 22:30	short	106489.95	105950.99	TP	53.9	5.3245	48.57	0
1762216200000	2025-11-04 00:30	short	106471.45	105944.21	TP	52.72	5.3236	47.4	0
1762255800000	2025-11-04 11:30	short	104584.76	104116.45	TP	46.83	5.2292	41.6	1
1762266600000	2025-11-04 14:30	short	104500.01	104000.24	TP	49.98	5.225	44.75	0
1762295400000	2025-11-04 22:30	short	101295.71	101781.04	SL	-48.53	5.0648	-53.6	0
1762306200000	2025-11-05 01:30	short	100761.62	99988.27	TP	77.33	5.0381	72.3	0
1762434000000	2025-11-06 13:00	short	103496.81	103120.94	TP	37.59	5.1748	32.41	0
1762441200000	2025-11-06 15:00	short	102438.02	102729.33	SL	-29.13	5.1219	-34.25	0
1762450200000	2025-11-06 17:30	short	101804.01	101286.83	TP	51.72	5.0902	46.63	0
1762453800000	2025-11-06 18:30	short	101722.13	102084.81	SL	-36.27	5.0861	-41.35	0
1762468200000	2025-11-06 22:30	short	101415.05	100952.87	TP	46.22	5.0708	41.15	3
1762475400000	2025-11-07 00:30	short	101479.78	101018.87	TP	46.09	5.074	41.02	0
1762522200000	2025-11-07 13:30	short	100347.35	100642.71	SL	-29.54	5.0174	-34.55	2
1762572600000	2025-11-08 03:30	long	102592.76	102993.28	TP	40.05	5.1296	34.92	0
1762597800000	2025-11-08 10:30	long	102480.04	102286.83	SL	-19.32	5.124	-24.44	2
1762603200000	2025-11-08 12:00	short	101995.82	101697.76	TP	29.81	5.0998	24.71	4
1762612200000	2025-11-08 14:30	short	101827.19	102022.39	SL	-19.52	5.0914	-24.61	0
1762617600000	2025-11-08 16:00	short	101841.17	101551.3	TP	28.99	5.0921	23.89	0
1762659000000	2025-11-09 03:30	short	101662.05	101820.99	SL	-15.89	5.0831	-20.98	1
1762785000000	2025-11-10 14:30	long	104898.15	105245.92	TP	34.78	5.2449	29.53	0
1762799400000	2025-11-10 18:30	long	105478.0	105856.85	TP	37.89	5.2739	32.61	0
1762808400000	2025-11-10 21:00	long	105556.22	105930.93	TP	37.47	5.2778	32.19	0
1762819200000	2025-11-11 00:00	long	105721.73	106077.4	TP	35.57	5.2861	30.28	0
1762833600000	2025-11-11 04:00	long	105978.89	106418.67	TP	43.98	5.2989	38.68	0
1762909200000	2025-11-12 01:00	short	103146.56	102811.4	TP	33.52	5.1573	28.36	0
1762983000000	2025-11-12 21:30	short	101920.47	101517.73	TP	40.27	5.096	35.18	1
1762986600000	2025-11-12 22:30	short	101978.96	101587.64	TP	39.13	5.0989	34.03	2
1762993800000	2025-11-13 00:30	short	101854.58	102106.5	SL	-25.19	5.0927	-30.28	1
1763071200000	2025-11-13 22:00	short	99507.82	98941.21	TP	56.66	4.9754	51.69	0
1763083800000	2025-11-14 01:30	short	99255.6	99639.14	SL	-38.35	4.9628	-43.32	1
1763130600000	2025-11-14 14:30	short	96542.38	95880.62	TP	66.18	4.8271	61.35	0
1763143200000	2025-11-14 18:00	short	96050.9	95409.15	TP	64.18	4.8025	59.37	1
1763146800000	2025-11-14 19:00	short	95737.7	95065.24	TP	67.25	4.7869	62.46	0
1763157600000	2025-11-14 22:00	short	95282.98	94647.79	TP	63.52	4.7641	58.75	2
1763164800000	2025-11-15 00:00	short	95365.25	94724.47	TP	64.08	4.7683	59.31	0
1763244000000	2025-11-15 22:00	short	95612.5	95309.1	TP	30.34	4.7806	25.56	0
1763253000000	2025-11-16 00:30	short	95362.0	95547.59	SL	-18.56	4.7681	-23.33	0
1763316000000	2025-11-16 18:00	short	94828.12	95086.93	SL	-25.88	4.7414	-30.62	0
1763323200000	2025-11-16 20:00	short	94618.51	94186.84	TP	43.17	4.7309	38.44	0
1763332200000	2025-11-16 22:30	short	94183.36	94489.68	SL	-30.63	4.7092	-35.34	0
1763389800000	2025-11-17 14:30	short	94769.32	95087.66	SL	-31.83	4.7385	-36.57	0
1763397000000	2025-11-17 16:30	short	94306.0	93758.12	TP	54.79	4.7153	50.07	0
1763451000000	2025-11-18 07:30	short	90512.1	90873.06	SL	-36.1	4.5256	-40.62	1
1763535600000	2025-11-19 07:00	short	91270.65	91543.02	SL	-27.24	4.5635	-31.8	1
1763586000000	2025-11-19 21:00	short	90118.0	90459.07	SL	-34.11	4.5059	-38.61	0
1763676000000	2025-11-20 22:00	short	88131.31	87523.0	TP	60.83	4.4066	56.42	0
1763728200000	2025-11-21 12:30	short	83285.35	82483.57	TP	80.18	4.1643	76.01	0
1763940600000	2025-11-23 23:30	long	86830.0	86585.65	SL	-24.43	4.3415	-28.78	1
1763956800000	2025-11-24 04:00	long	86602.88	87063.72	TP	46.08	4.3301	41.75	0
1763965800000	2025-11-24 06:30	long	86910.78	86615.35	SL	-29.54	4.3455	-33.89	5
1763980200000	2025-11-24 10:30	short	86049.74	86320.69	SL	-27.09	4.3025	-31.4	2
1764028800000	2025-11-25 00:00	long	87887.28	88250.99	TP	36.37	4.3944	31.98	0
1764034200000	2025-11-25 01:30	long	87732.83	88079.56	TP	34.67	4.3866	30.29	0
1764041400000	2025-11-25 03:30	long	87822.12	87602.05	SL	-22.01	4.3911	-26.4	0
1764050400000	2025-11-25 06:00	long	87944.06	87740.23	SL	-20.38	4.3972	-24.78	2
1764054000000	2025-11-25 07:00	long	87699.78	87997.08	TP	29.73	4.385	25.34	0
1764073800000	2025-11-25 12:30	long	87509.99	87789.06	TP	27.91	4.3755	23.53	0
1764084600000	2025-11-25 15:30	short	86988.94	87230.12	SL	-24.12	4.3494	-28.47	0
1764095400000	2025-11-25 18:30	long	87239.29	87602.81	TP	36.35	4.362	31.99	0
1764099000000	2025-11-25 19:30	short	86882.85	86474.27	TP	40.86	4.3441	36.51	0
1764145800000	2025-11-26 08:30	long	87424.8	87232.72	SL	-19.21	4.3712	-23.58	1
1764153000000	2025-11-26 10:30	short	86955.17	86675.76	TP	27.94	4.3478	23.59	0
1764162000000	2025-11-26 13:00	short	86718.6	86903.74	SL	-18.51	4.3359	-22.85	1
1764246600000	2025-11-27 12:30	long	90986.56	91247.67	TP	26.11	4.5493	21.56	0
1764288000000	2025-11-28 00:00	long	91232.01	91080.52	SL	-15.15	4.5616	-19.71	0
1764315000000	2025-11-28 07:30	long	90910.87	91142.75	TP	23.19	4.5455	18.64	0
1764327600000	2025-11-28 11:00	long	91283.17	91100.92	SL	-18.23	4.5642	-22.79	0
1764345600000	2025-11-28 16:00	long	91186.21	91603.42	TP	41.72	4.5593	37.16	0
1764351000000	2025-11-28 17:30	short	90663.98	90221.09	TP	44.29	4.5332	39.76	0
1764388800000	2025-11-29 04:00	short	90697.82	90843.85	SL	-14.6	4.5349	-19.14	1
1764401400000	2025-11-29 07:30	short	90567.67	90705.5	SL	-13.78	4.5284	-18.31	1
1764408600000	2025-11-29 09:30	short	90560.08	90684.06	SL	-12.4	4.528	-16.93	5
1764441000000	2025-11-29 18:30	short	90690.84	90487.31	TP	20.35	4.5345	15.82	0
1764469800000	2025-11-30 02:30	long	90795.51	90958.95	TP	16.34	4.5398	11.8	0
1764529200000	2025-11-30 19:00	long	91346.67	91550.2	TP	20.35	4.5673	15.79	2
1764532800000	2025-11-30 20:00	long	91313.35	91515.15	TP	20.18	4.5657	15.61	0
1764597600000	2025-12-01 14:00	short	86244.01	86472.43	SL	-22.84	4.3122	-27.15	1
1764619200000	2025-12-01 20:00	short	85266.52	85577.97	SL	-31.15	4.2633	-35.41	0
1764770400000	2025-12-03 14:00	long	92540.06	92294.13	SL	-24.59	4.627	-29.22	0
1764806400000	2025-12-04 00:00	long	92828.08	93243.74	TP	41.57	4.6414	36.93	0
1764824400000	2025-12-04 05:00	long	93203.4	92956.08	SL	-24.73	4.6602	-29.39	1
1764835200000	2025-12-04 08:00	long	93126.03	93470.34	TP	34.43	4.6563	29.77	0
1764846000000	2025-12-04 11:00	long	93006.71	93309.2	TP	30.25	4.6503	25.6	0
1764864000000	2025-12-04 16:00	long	92912.47	92651.82	SL	-26.07	4.6456	-30.71	0
1764876600000	2025-12-04 19:30	short	91975.44	91519.12	TP	45.63	4.5988	41.03	0
1764898200000	2025-12-05 01:30	long	92358.03	92685.07	TP	32.7	4.6179	28.09	2
1764903600000	2025-12-05 03:00	long	92407.81	92202.82	SL	-20.5	4.6204	-25.12	1
1764919800000	2025-12-05 07:30	long	92258.65	92082.52	SL	-17.61	4.6129	-22.23	1
1764946800000	2025-12-05 15:00	short	91228.99	91472.59	SL	-24.36	4.5614	-28.92	0
1764963000000	2025-12-05 19:30	short	89629.26	89156.73	TP	47.25	4.4815	42.77	4
1764977400000	2025-12-05 23:30	short	89330.04	89573.45	SL	-24.34	4.4665	-28.81	7
1764981000000	2025-12-06 00:30	short	89422.25	89652.92	SL	-23.07	4.4711	-27.54	5
1765063800000	2025-12-06 23:30	short	89236.79	89041.07	TP	19.57	4.4618	15.11	0
1765101600000	2025-12-07 10:00	short	89198.23	89308.43	SL	-11.02	4.4599	-15.48	1
1765114200000	2025-12-07 13:30	short	89053.74	88855.94	TP	19.78	4.4527	15.33	1
1765119600000	2025-12-07 15:00	short	88735.39	88933.81	SL	-19.84	4.4368	-24.28	0
1765202400000	2025-12-08 14:00	long	91369.83	91182.81	SL	-18.7	4.5685	-23.27	0
1765224000000	2025-12-08 20:00	short	90453.56	90710.33	SL	-25.68	4.5227	-30.2	1
1765234800000	2025-12-08 23:00	long	90719.27	90473.46	SL	-24.58	4.536	-29.12	3
1765245600000	2025-12-09 02:00	short	90299.2	89976.0	TP	32.32	4.515	27.81	2
1765251000000	2025-12-09 03:30	short	90405.01	90092.84	TP	31.22	4.5203	26.7	0
1765261800000	2025-12-09 06:30	short	90166.84	89857.15	TP	30.97	4.5083	26.46	0
1765326600000	2025-12-10 00:30	long	92130.81	92536.9	TP	40.61	4.6065	36.0	0
1765357200000	2025-12-10 09:00	long	92481.84	92718.7	TP	23.69	4.6241	19.06	1
1765360800000	2025-12-10 10:00	long	92450.16	92724.87	TP	27.47	4.6225	22.85	0
1765384200000	2025-12-10 16:30	long	92174.11	92467.65	TP	29.35	4.6087	24.75	0
1765389600000	2025-12-10 18:00	long	92254.0	92057.47	SL	-19.65	4.6127	-24.27	0
1765400400000	2025-12-10 21:00	long	92381.7	92032.6	SL	-34.91	4.6191	-39.53	0
1765407600000	2025-12-10 23:00	long	92134.67	91800.12	SL	-33.45	4.6067	-38.06	2
1765443600000	2025-12-11 09:00	short	90421.02	90096.48	TP	32.45	4.5211	27.93	7
1765461600000	2025-12-11 14:00	short	90139.2	90301.63	SL	-16.24	4.507	-20.75	1
1765465200000	2025-12-11 15:00	short	90251.23	90476.31	SL	-22.51	4.5126	-27.02	0
1765470600000	2025-12-11 16:30	short	89737.11	89983.77	SL	-24.67	4.4869	-29.15	0
1765548000000	2025-12-12 14:00	long	92126.94	91967.22	SL	-15.97	4.6063	-20.58	1
1765562400000	2025-12-12 18:00	short	90540.86	90126.14	TP	41.47	4.527	36.94	0
1765576800000	2025-12-12 22:00	short	90330.5	90351.06	Timeout	-2.06	4.5165	-6.57	14
1765591200000	2025-12-13 02:00	short	90313.96	90460.56	SL	-14.66	4.5157	-19.18	3
1765638000000	2025-12-13 15:00	short	90138.04	90236.56	SL	-9.85	4.5069	-14.36	0
1765648800000	2025-12-13 18:00	short	90161.89	90030.9	TP	13.1	4.5081	8.59	6
1765661400000	2025-12-13 21:30	short	90175.97	90047.3	TP	12.87	4.5088	8.36	0
1765756800000	2025-12-15 00:00	short	88541.96	88250.63	TP	29.13	4.4271	24.71	0
1765760400000	2025-12-15 01:00	short	88706.32	88904.29	SL	-19.8	4.4353	-24.23	1
1765841400000	2025-12-15 23:30	short	86432.08	86066.08	TP	36.6	4.3216	32.28	2
1765850400000	2025-12-16 02:00	short	86200.0	85849.24	TP	35.08	4.31	30.77	0
1765861200000	2025-12-16 05:00	short	85986.83	86207.21	SL	-22.04	4.2993	-26.34	2
1765951200000	2025-12-17 06:00	short	86872.42	87071.14	SL	-19.87	4.3436	-24.22	3
1765965600000	2025-12-17 10:00	short	86566.83	86280.58	TP	28.62	4.3283	24.3	0
1765999800000	2025-12-17 19:30	short	86018.53	85451.87	TP	56.67	4.3009	52.37	0
1766079000000	2025-12-18 17:30	short	86483.56	85913.35	TP	57.02	4.3242	52.7	0
1766091600000	2025-12-18 21:00	short	85460.9	84864.39	TP	59.65	4.273	55.38	0
1766107800000	2025-12-19 01:30	short	85320.43	85605.68	SL	-28.52	4.266	-32.79	2
1766163600000	2025-12-19 17:00	long	87609.86	88062.01	TP	45.21	4.3805	40.83	0
1766224800000	2025-12-20 10:00	long	88158.66	88319.78	TP	16.11	4.4079	11.7	4
1766235600000	2025-12-20 13:00	long	88021.07	87917.91	SL	-10.32	4.4011	-14.72	0
1766239200000	2025-12-20 14:00	long	88103.8	88264.57	TP	16.08	4.4052	11.67	0
1766242800000	2025-12-20 15:00	long	88109.31	88270.01	TP	16.07	4.4055	11.66	7
1766248200000	2025-12-20 16:30	long	88149.72	88289.26	TP	13.95	4.4075	9.55	4
1766266200000	2025-12-20 21:30	long	88208.73	88320.46	TP	11.17	4.4104	6.76	2
1766280600000	2025-12-21 01:30	long	88011.83	88121.25	TP	10.94	4.4006	6.54	0
1766322000000	2025-12-21 13:00	long	88212.34	88386.24	TP	17.39	4.4106	12.98	0
1766325600000	2025-12-21 14:00	short	87908.55	88048.21	SL	-13.97	4.3954	-18.36	0
1766340000000	2025-12-21 18:00	long	88126.25	87989.34	SL	-13.69	4.4063	-18.1	0
1766347200000	2025-12-21 20:00	long	88291.74	88499.12	TP	20.74	4.4146	16.32	0
1766352600000	2025-12-21 21:30	long	88162.86	88357.22	TP	19.44	4.4081	15.03	0
1766368800000	2025-12-22 02:00	long	88327.95	88118.96	SL	-20.9	4.4164	-25.32	0
1766421000000	2025-12-22 16:30	long	89550.0	89908.05	TP	35.8	4.4775	31.33	0
1766442600000	2025-12-22 22:30	short	88660.07	88333.61	TP	32.65	4.433	28.21	0
1766462400000	2025-12-23 04:00	short	88253.47	87967.56	TP	28.59	4.4127	24.18	1
1766487600000	2025-12-23 11:00	short	87754.51	87909.35	SL	-15.48	4.3877	-19.87	2
1766502000000	2025-12-23 15:00	short	87292.51	87492.01	SL	-19.95	4.3646	-24.32	0
1766545200000	2025-12-24 03:00	short	87230.26	86942.9	TP	28.74	4.3615	24.37	0
1766570400000	2025-12-24 10:00	short	87042.89	86838.85	TP	20.4	4.3521	16.05	0
1766590200000	2025-12-24 15:30	short	87049.99	87210.14	SL	-16.02	4.3525	-20.37	0
1766692800000	2025-12-25 20:00	long	87770.45	87651.59	SL	-11.89	4.3885	-16.27	0
1766700000000	2025-12-25 22:00	long	87842.85	87735.87	SL	-10.7	4.3921	-15.09	1
1766710800000	2025-12-26 01:00	short	87342.38	87133.86	TP	20.85	4.3671	16.48	0
1766748600000	2025-12-26 11:30	long	88533.42	88764.93	TP	23.15	4.4267	18.72	3
1766775600000	2025-12-26 19:00	short	87371.69	87548.38	SL	-17.67	4.3686	-22.04	1
1766937600000	2025-12-28 16:00	long	87783.72	87875.71	TP	9.2	4.3892	4.81	0
1766943000000	2025-12-28 17:30	long	87760.0	87849.03	TP	8.9	4.388	4.51	0
1766957400000	2025-12-28 21:30	short	87588.37	87487.64	TP	10.07	4.3794	5.69	1
1767020400000	2025-12-29 15:00	short	87736.25	87418.16	TP	31.81	4.3868	27.42	0
1767025800000	2025-12-29 16:30	short	87627.11	87827.73	SL	-20.06	4.3814	-24.44	2
1767029400000	2025-12-29 17:30	short	87849.99	87547.8	TP	30.22	4.3925	25.83	0
1767043800000	2025-12-29 21:30	short	87337.85	87080.87	TP	25.7	4.3669	21.33	1
1767047400000	2025-12-29 22:30	short	87351.05	87105.6	TP	24.54	4.3676	20.18	4
1767052800000	2025-12-30 00:00	short	87300.0	87081.99	TP	21.8	4.365	17.44	5
1767058200000	2025-12-30 01:30	short	87308.23	87104.9	TP	20.33	4.3654	15.97	1
1767063600000	2025-12-30 03:00	short	87281.99	87069.37	TP	21.26	4.3641	16.9	0
1767124800000	2025-12-30 20:00	long	88068.31	88356.61	TP	28.83	4.4034	24.43	4
1767141000000	2025-12-31 00:30	long	88255.54	88470.73	TP	21.52	4.4128	17.11	1
1767155400000	2025-12-31 04:30	long	88325.06	88520.71	TP	19.56	4.4163	15.15	2
1767169800000	2025-12-31 08:30	long	88434.65	88589.05	TP	15.44	4.4217	11.02	0
1767191400000	2025-12-31 14:30	long	88479.99	88360.14	SL	-11.98	4.424	-16.41	0
1767214800000	2025-12-31 21:00	short	87759.27	87894.58	SL	-13.53	4.388	-17.92	8
1767225600000	2026-01-01 00:00	short	87776.18	87886.25	SL	-11.01	4.3888	-15.4	2
1767243600000	2026-01-01 05:00	short	87708.11	87804.21	SL	-9.61	4.3854	-14.0	6
1767252600000	2026-01-01 07:30	short	87631.88	87708.39	SL	-7.65	4.3816	-12.03	1
1767362400000	2026-01-02 14:00	long	88900.01	88764.85	SL	-13.52	4.445	-17.96	0
1767420000000	2026-01-03 06:00	long	89978.01	89846.52	SL	-13.15	4.4989	-17.65	2
1767529800000	2026-01-04 12:30	long	91150.98	91321.45	TP	17.05	4.5575	12.49	0
1767549600000	2026-01-04 18:00	long	91179.65	91325.93	TP	14.63	4.559	10.07	0
1767565800000	2026-01-04 22:30	long	91220.01	91360.86	TP	14.08	4.561	9.52	1
1767664800000	2026-01-06 02:00	long	93699.07	93983.08	TP	28.4	4.685	23.72	4
1767675600000	2026-01-06 05:00	long	93707.81	93552.12	SL	-15.57	4.6854	-20.25	2
1767682800000	2026-01-06 07:00	long	93398.38	93627.15	TP	22.88	4.6699	18.21	0
1767713400000	2026-01-06 15:30	long	93648.99	93467.68	SL	-18.13	4.6824	-22.81	0
1767729600000	2026-01-06 20:00	short	92500.0	92144.71	TP	35.53	4.625	30.9	0
1767783600000	2026-01-07 11:00	short	92168.39	91904.26	TP	26.41	4.6084	21.8	4
1767796200000	2026-01-07 14:30	short	91959.04	91685.3	TP	27.37	4.598	22.78	0
1767801600000	2026-01-07 16:00	short	91600.16	91285.21	TP	31.49	4.58	26.91	1
1767805200000	2026-01-07 17:00	short	91606.43	91276.49	TP	32.99	4.5803	28.41	0
1767814200000	2026-01-07 19:30	short	91186.07	90853.07	TP	33.3	4.5593	28.74	1
1767817800000	2026-01-07 20:30	short	91047.49	91265.28	SL	-21.78	4.5524	-26.33	4
1767844800000	2026-01-08 04:00	short	91096.85	90810.28	TP	28.66	4.5548	24.1	0
1767857400000	2026-01-08 07:30	short	90548.02	90249.65	TP	29.84	4.5274	25.31	0
1767866400000	2026-01-08 10:00	short	90200.9	89899.25	TP	30.17	4.51	25.66	0
1767877200000	2026-01-08 13:00	short	90067.75	89788.97	TP	27.88	4.5034	23.37	2
1767882600000	2026-01-08 14:30	short	90024.01	89716.22	TP	30.78	4.5012	26.28	0
1767949200000	2026-01-09 09:00	short	90414.34	90146.18	TP	26.82	4.5207	22.29	0
1767952800000	2026-01-09 10:00	short	90438.85	90607.42	SL	-16.86	4.5219	-21.38	2
1768086000000	2026-01-10 23:00	short	90548.4	90475.19	TP	7.32	4.5274	2.79	0
1768163400000	2026-01-11 20:30	short	90708.26	90578.13	TP	13.01	4.5354	8.48	0
1768172400000	2026-01-11 23:00	short	90756.87	90872.47	SL	-11.56	4.5378	-16.1	0
1768203000000	2026-01-12 07:30	long	91408.09	91655.6	TP	24.75	4.5704	20.18	0
1768219200000	2026-01-12 12:00	short	90780.01	90527.9	TP	25.21	4.539	20.67	4
1768228200000	2026-01-12 14:30	short	90908.95	91094.82	SL	-18.59	4.5454	-23.13	0
1768251600000	2026-01-12 21:00	long	91338.01	91133.14	SL	-20.49	4.5669	-25.05	1
1768266000000	2026-01-13 01:00	long	91327.53	91154.25	SL	-17.33	4.5664	-21.89	1
1768390200000	2026-01-14 11:30	long	94792.99	95052.18	TP	25.92	4.7396	21.18	1
1768438800000	2026-01-15 01:00	long	96390.36	96749.05	TP	35.87	4.8195	31.05	0
1768458600000	2026-01-15 06:30	long	96243.78	96531.59	TP	28.78	4.8122	23.97	2
1768464000000	2026-01-15 08:00	long	96370.14	96643.43	TP	27.33	4.8185	22.51	1
1768476600000	2026-01-15 11:30	long	96581.08	96829.56	TP	24.85	4.8291	20.02	0
1768487400000	2026-01-15 14:30	long	96063.43	95864.49	SL	-19.89	4.8032	-24.7	0
1768492800000	2026-01-15 16:00	long	96427.08	96799.08	TP	37.2	4.8214	32.38	0
1768500000000	2026-01-15 18:00	long	96174.11	96553.48	TP	37.94	4.8087	33.13	0
1768512600000	2026-01-15 21:30	short	95584.35	95812.11	SL	-22.78	4.7792	-27.56	2
1768552200000	2026-01-16 08:30	long	95676.0	95537.16	SL	-13.88	4.7838	-18.67	3
1768561200000	2026-01-16 11:00	short	95351.38	95471.49	SL	-12.01	4.7676	-16.78	2
1768584600000	2026-01-16 17:30	short	95076.08	94821.32	TP	25.48	4.7538	20.72	0
1768694400000	2026-01-18 00:00	short	95199.68	95108.11	TP	9.16	4.76	4.4	0
1768705200000	2026-01-18 03:00	short	95135.54	95035.5	TP	10.0	4.7568	5.25	0
1768723200000	2026-01-18 08:00	short	95109.0	95026.4	TP	8.26	4.7554	3.51	0
1768743000000	2026-01-18 13:30	short	95146.82	95054.92	TP	9.19	4.7573	4.43	0
1768811400000	2026-01-19 08:30	short	93259.09	93018.0	TP	24.11	4.663	19.45	0
1768834800000	2026-01-19 15:00	short	92920.67	93050.41	SL	-12.97	4.646	-17.62	0
1768869000000	2026-01-20 00:30	short	92717.9	92507.93	TP	21.0	4.6359	16.36	0
1768876200000	2026-01-20 02:30	short	92552.16	92690.86	SL	-13.87	4.6276	-18.5	0
1768964400000	2026-01-21 03:00	short	89278.93	89479.96	SL	-20.1	4.4639	-24.57	1
1768998600000	2026-01-21 12:30	short	88736.31	88453.32	TP	28.3	4.4368	23.86	0
1769020200000	2026-01-21 18:30	short	88485.43	88007.7	TP	47.77	4.4243	43.35	0
1769101200000	2026-01-22 17:00	short	89148.33	89355.47	SL	-20.71	4.4574	-25.17	0
1769166000000	2026-01-23 11:00	short	89219.99	89010.82	TP	20.92	4.461	16.46	0
1769263200000	2026-01-24 14:00	short	89472.83	89368.33	TP	10.45	4.4736	5.98	0
1769274000000	2026-01-24 17:00	short	89406.69	89301.11	TP	10.56	4.4703	6.09	0
1769283000000	2026-01-24 19:30	short	89331.36	89392.01	SL	-6.07	4.4666	-10.53	1
1769301000000	2026-01-25 00:30	short	89315.18	89226.44	TP	8.87	4.4658	4.41	0
1769337000000	2026-01-25 10:30	short	88659.51	88532.05	TP	12.75	4.433	8.31	0
1769342400000	2026-01-25 12:00	short	88690.0	88557.9	TP	13.21	4.4345	8.78	0
1769389200000	2026-01-26 01:00	short	87649.99	87287.98	TP	36.2	4.3825	31.82	0
1769495400000	2026-01-27 06:30	long	88332.67	88544.45	TP	21.18	4.4166	16.76	2
1769499000000	2026-01-27 07:30	long	88320.41	88525.68	TP	20.53	4.416	16.11	0
1769508000000	2026-01-27 10:00	short	87989.2	87804.5	TP	18.47	4.3995	14.07	1
1769511600000	2026-01-27 11:00	short	87874.66	87994.94	SL	-12.03	4.3937	-16.42	1
1769527800000	2026-01-27 15:30	short	88047.46	87810.79	TP	23.67	4.4024	19.27	0
1769576400000	2026-01-28 05:00	long	88892.25	89137.58	TP	24.53	4.4446	20.09	2
1769589000000	2026-01-28 08:30	long	88925.47	89141.16	TP	21.57	4.4463	17.12	2
1769612400000	2026-01-28 15:00	long	89267.94	89068.57	SL	-19.94	4.4634	-24.4	0
1769625000000	2026-01-28 18:30	long	89546.24	89308.27	SL	-23.8	4.4773	-28.27	1
1769632200000	2026-01-28 20:30	long	89130.63	89520.86	TP	39.02	4.4565	34.57	0
1769668200000	2026-01-29 06:30	short	88319.35	88062.14	TP	25.72	4.416	21.31	3
1769671800000	2026-01-29 07:30	short	88352.97	88114.57	TP	23.84	4.4176	19.42	1
1769689800000	2026-01-29 12:30	short	88121.21	87898.36	TP	22.29	4.4061	17.88	0
1769749200000	2026-01-30 05:00	short	83259.54	82790.16	TP	46.94	4.163	42.77	2
1769758200000	2026-01-30 07:30	short	82816.98	82374.55	TP	44.24	4.1408	40.1	3
1769769000000	2026-01-30 10:30	short	82833.92	83101.61	SL	-26.77	4.1417	-30.91	2
1769904000000	2026-02-01 00:00	short	79089.36	78480.39	TP	60.9	3.9545	56.94	2
1769913000000	2026-02-01 02:30	short	78900.01	78359.51	TP	54.05	3.945	50.1	8
1769925600000	2026-02-01 06:00	short	78710.47	78301.14	TP	40.93	3.9355	37.0	1
1769932800000	2026-02-01 08:00	short	78500.53	78758.23	SL	-25.77	3.925	-29.7	1
1769943600000	2026-02-01 11:00	short	78414.91	78658.64	SL	-24.37	3.9207	-28.29	1
1769956200000	2026-02-01 14:30	short	78211.12	78478.27	SL	-26.72	3.9106	-30.63	0
1769959800000	2026-02-01 15:30	short	77593.4	77123.26	TP	47.01	3.8797	43.13	0
1769965200000	2026-02-01 17:00	short	77556.45	77865.57	SL	-30.91	3.8778	-34.79	2
1769983200000	2026-02-01 22:00	short	77196.21	77553.09	SL	-35.69	3.8598	-39.55	0
1770003000000	2026-02-02 03:30	short	76292.98	75595.81	TP	69.72	3.8146	65.9	0
1770012000000	2026-02-02 06:00	short	75703.59	76171.17	SL	-46.76	3.7852	-50.54	1
1770130800000	2026-02-03 15:00	short	77736.2	77989.05	SL	-25.29	3.8868	-29.17	0
1770148800000	2026-02-03 20:00	short	75662.44	74996.51	TP	66.59	3.7831	62.81	0
1770213600000	2026-02-04 14:00	short	75298.81	75548.37	SL	-24.96	3.7649	-28.72	0
1770233400000	2026-02-04 19:30	short	73923.29	73301.46	TP	62.18	3.6962	58.49	0
1770242400000	2026-02-04 22:00	short	73510.02	72864.6	TP	64.54	3.6755	60.87	0
1770246000000	2026-02-04 23:00	short	73380.95	72720.7	TP	66.03	3.669	62.36	0
1770274800000	2026-02-05 07:00	short	71416.83	70833.09	TP	58.37	3.5708	54.8	1
1770278400000	2026-02-05 08:00	short	71344.77	70757.54	TP	58.72	3.5672	55.16	0
1770300000000	2026-02-05 14:00	short	70129.13	69548.84	TP	58.03	3.5065	54.52	0
1770339600000	2026-02-06 01:00	short	64112.75	64862.86	SL	-75.01	3.2056	-78.22	0
1770568200000	2026-02-08 16:30	long	70416.0	70768.16	TP	35.22	3.5208	31.7	0
1770586200000	2026-02-08 21:30	long	70700.0	71029.19	TP	32.92	3.535	29.38	2
1770591600000	2026-02-08 23:00	long	70514.0	70916.56	TP	40.26	3.5257	36.73	0
1770600600000	2026-02-09 01:30	long	70369.53	70085.26	SL	-28.43	3.5185	-31.95	0
1770616800000	2026-02-09 06:00	long	70420.35	70791.4	TP	37.1	3.521	33.58	0
1770647400000	2026-02-09 14:30	short	69272.0	69550.33	SL	-27.83	3.4636	-31.3	0
1770651000000	2026-02-09 15:30	short	69563.37	69105.4	TP	45.8	3.4782	42.32	0
1770679800000	2026-02-09 23:30	long	70138.0	69867.7	SL	-27.03	3.5069	-30.54	2
1770690600000	2026-02-10 02:30	long	70102.89	69864.51	SL	-23.84	3.5051	-27.34	1
1770712200000	2026-02-10 08:30	short	69142.0	69361.16	SL	-21.92	3.4571	-25.37	1
1770730200000	2026-02-10 13:30	short	69027.95	68726.47	TP	30.15	3.4514	26.7	0
1770735600000	2026-02-10 15:00	short	69224.17	68813.35	TP	41.08	3.4612	37.62	0
1770811200000	2026-02-11 12:00	short	67220.85	67421.5	SL	-20.07	3.361	-23.43	0
1770816600000	2026-02-11 13:30	short	67454.49	67666.05	SL	-21.16	3.3727	-24.53	0
1770825600000	2026-02-11 16:00	short	66602.71	66924.53	SL	-32.18	3.3301	-35.51	0
1770829200000	2026-02-11 17:00	short	66655.4	66154.05	TP	50.14	3.3328	46.8	0
1770931800000	2026-02-12 21:30	short	65849.87	66126.07	SL	-27.62	3.2925	-30.91	2
1771074000000	2026-02-14 13:00	long	69270.67	69097.97	SL	-17.27	3.4635	-20.73	0
1771084800000	2026-02-14 16:00	long	69424.93	69697.49	TP	27.26	3.4712	23.79	0
1771113600000	2026-02-15 00:00	long	69695.77	69559.64	SL	-13.61	3.4848	-17.1	2
1771117200000	2026-02-15 01:00	long	69529.34	69739.53	TP	21.02	3.4765	17.54	0
1771189200000	2026-02-15 21:00	short	68789.99	68511.98	TP	27.8	3.4395	24.36	0
1771212600000	2026-02-16 03:30	short	68424.82	68167.66	TP	25.72	3.4212	22.29	0
1771261200000	2026-02-16 17:00	short	67929.61	68157.74	SL	-22.81	3.3965	-26.21	2
1771329600000	2026-02-17 12:00	short	68107.81	67885.52	TP	22.23	3.4054	18.82	0
1771342200000	2026-02-17 15:30	short	67392.05	67054.82	TP	33.72	3.3696	30.35	0
1771351200000	2026-02-17 18:00	short	67739.4	67352.36	TP	38.7	3.387	35.32	0
1771380000000	2026-02-18 02:00	short	67220.0	67397.4	SL	-17.74	3.361	-21.1	0
1771416000000	2026-02-18 12:00	short	67569.31	67339.95	TP	22.94	3.3785	19.56	3
1771426800000	2026-02-18 15:00	short	67320.87	67485.53	SL	-16.47	3.366	-19.83	0
1771462800000	2026-02-19 01:00	short	66704.35	66460.46	TP	24.39	3.3352	21.05	0
1771502400000	2026-02-19 12:00	short	66669.51	66468.47	TP	20.1	3.3335	16.77	0
1771511400000	2026-02-19 14:30	short	66421.2	66593.83	SL	-17.26	3.3211	-20.58	0
1771515000000	2026-02-19 15:30	short	66398.0	66102.23	TP	29.58	3.3199	26.26	0
1771587000000	2026-02-20 11:30	long	67318.41	67533.44	TP	21.5	3.3659	18.14	0
1771596000000	2026-02-20 14:00	short	66976.34	66703.4	TP	27.29	3.3488	23.95	0
1771603200000	2026-02-20 16:00	long	67316.87	67685.13	TP	36.83	3.3658	33.46	0
1771644600000	2026-02-21 03:30	long	67667.77	67886.7	TP	21.89	3.3834	18.51	4
1771705800000	2026-02-21 20:30	long	68211.19	68366.86	TP	15.57	3.4106	12.16	0
1771711200000	2026-02-21 22:00	long	68263.55	68413.6	TP	15.01	3.4132	11.59	0
1771741800000	2026-02-22 06:30	long	68038.13	68167.02	TP	12.89	3.4019	9.49	0
1771761600000	2026-02-22 12:00	long	68077.15	68007.33	SL	-6.98	3.4039	-10.39	0
1771774200000	2026-02-22 15:30	short	67684.14	67780.04	SL	-9.59	3.3842	-12.97	0
1771777800000	2026-02-22 16:30	short	67632.76	67492.21	TP	14.05	3.3816	10.67	2
1771795800000	2026-02-22 21:30	short	67612.66	67489.44	TP	12.32	3.3806	8.94	0
1771828200000	2026-02-23 06:30	short	65757.32	65477.01	TP	28.03	3.2879	24.74	0
1771884000000	2026-02-23 22:00	short	64941.99	64620.17	TP	32.18	3.2471	28.93	0
1771934400000	2026-02-24 12:00	short	63324.02	63056.99	TP	26.7	3.1662	23.54	1
1771943400000	2026-02-24 14:30	short	63453.99	63658.81	SL	-20.48	3.1727	-23.66	0
1772091000000	2026-02-26 07:30	long	67825.04	68138.01	TP	31.3	3.3913	27.91	0
1772105400000	2026-02-26 11:30	long	68051.31	67860.31	SL	-19.1	3.4026	-22.5	4
1772112600000	2026-02-26 13:30	long	67905.35	68176.17	TP	27.08	3.3953	23.69	0
1772175600000	2026-02-27 07:00	long	67506.39	67759.13	TP	25.27	3.3753	21.9	1
1772184600000	2026-02-27 09:30	long	67355.73	67631.16	TP	27.54	3.3678	24.18	0
1772226000000	2026-02-27 21:00	short	65704.54	65419.21	TP	28.53	3.2852	25.25	1
1772231400000	2026-02-27 22:30	short	65637.99	65345.8	TP	29.22	3.2819	25.94	0
1772276400000	2026-02-28 11:00	short	64250.89	63918.61	TP	33.23	3.2125	30.02	1
1772280000000	2026-02-28 12:00	short	64000.0	64216.83	SL	-21.68	3.2	-24.88	3
1772353800000	2026-03-01 08:30	long	66560.14	66928.95	TP	36.88	3.328	33.55	0
1772400600000	2026-03-01 21:30	short	65666.2	65886.28	SL	-22.01	3.2833	-25.29	1
1772406000000	2026-03-01 23:00	short	65635.74	65905.46	SL	-26.97	3.2818	-30.25	0
1772460000000	2026-03-02 14:00	short	65589.08	65270.29	TP	31.88	3.2795	28.6	0
1772503200000	2026-03-03 02:00	long	68461.73	68223.06	SL	-23.87	3.4231	-27.29	0
1772506800000	2026-03-03 03:00	long	68419.34	68193.71	SL	-22.56	3.421	-25.98	3
1772546400000	2026-03-03 14:00	short	67118.32	67348.23	SL	-22.99	3.3559	-26.35	0
1772550000000	2026-03-03 15:00	short	66820.95	67086.69	SL	-26.57	3.341	-29.91	1
1772571600000	2026-03-03 21:00	long	67936.44	68381.79	TP	44.53	3.3968	41.14	2
1772589600000	2026-03-04 02:00	long	68067.01	67812.76	SL	-25.43	3.4034	-28.83	3
1772593200000	2026-03-04 03:00	long	67976.25	68348.81	TP	37.26	3.3988	33.86	0
1772686800000	2026-03-05 05:00	long	72480.45	72833.55	TP	35.31	3.624	31.69	0
1772695800000	2026-03-05 07:30	long	72055.5	71821.79	SL	-23.37	3.6028	-26.97	0
1772715600000	2026-03-05 13:00	long	72523.38	72879.92	TP	35.65	3.6262	32.03	0
1772757000000	2026-03-06 00:30	short	70988.19	70681.23	TP	30.7	3.5494	27.15	1
1772778600000	2026-03-06 06:30	short	70597.23	70799.84	SL	-20.26	3.5299	-23.79	0
1772789400000	2026-03-06 09:30	short	70565.56	70756.65	SL	-19.11	3.5283	-22.64	1
1772838000000	2026-03-06 23:00	short	68347.76	68541.89	SL	-19.41	3.4174	-22.83	8
1772843400000	2026-03-07 00:30	short	68290.45	68465.15	SL	-17.47	3.4145	-20.88	5
1772847000000	2026-03-07 01:30	short	68262.01	68424.5	SL	-16.25	3.4131	-19.66	3
1772850600000	2026-03-07 02:30	short	68350.04	68113.82	TP	23.62	3.4175	20.2	0
1772870400000	2026-03-07 08:00	short	67946.49	67739.69	TP	20.68	3.3973	17.28	1
1772874000000	2026-03-07 09:00	short	67958.52	67747.6	TP	21.09	3.3979	17.69	0
1772917200000	2026-03-07 21:00	short	67448.56	67275.95	TP	17.26	3.3724	13.89	2
1772924400000	2026-03-07 23:00	short	67378.22	67207.6	TP	17.06	3.3689	13.69	0
1772928000000	2026-03-08 00:00	short	67347.61	67459.08	SL	-11.15	3.3674	-14.51	0
1772933400000	2026-03-08 01:30	short	67297.27	67132.62	TP	16.46	3.3649	13.1	0
1772946000000	2026-03-08 05:00	short	67126.61	66924.57	TP	20.2	3.3563	16.85	0
1772989200000	2026-03-08 17:00	short	67070.24	66830.06	TP	24.02	3.3535	20.66	0
1772996400000	2026-03-08 19:00	short	67199.54	66960.16	TP	23.94	3.36	20.58	0
1773010800000	2026-03-08 23:00	short	66470.01	66150.11	TP	31.99	3.3235	28.67	0
1773016200000	2026-03-09 00:30	short	66370.01	66599.51	SL	-22.95	3.3185	-26.27	0
1773099000000	2026-03-09 23:30	long	68432.16	68734.59	TP	30.24	3.4216	26.82	1
1773149400000	2026-03-10 13:30	long	69921.12	70260.12	TP	33.9	3.4961	30.4	0
1773165600000	2026-03-10 18:00	long	70318.02	70769.93	TP	45.19	3.5159	41.67	0
1773205200000	2026-03-11 05:00	long	69943.67	69755.35	SL	-18.83	3.4972	-22.33	1
1773230400000	2026-03-11 12:00	short	69427.3	69172.9	TP	25.44	3.4714	21.97	0
1773271800000	2026-03-11 23:30	long	70191.86	69995.52	SL	-19.63	3.5096	-23.14	3
1773293400000	2026-03-12 05:30	short	69480.54	69644.03	SL	-16.35	3.474	-19.82	4
1773322200000	2026-03-12 13:30	long	69972.15	69783.08	SL	-18.91	3.4986	-22.41	0
1773338400000	2026-03-12 18:00	long	70019.71	69792.69	SL	-22.7	3.501	-26.2	2
1773415800000	2026-03-13 15:30	long	71831.46	72236.54	TP	40.51	3.5916	36.92	0
1773442800000	2026-03-13 23:00	short	70900.01	70570.65	TP	32.94	3.545	29.39	3
1773450000000	2026-03-14 01:00	short	70780.47	70492.71	TP	28.78	3.539	25.24	1
1773462600000	2026-03-14 04:30	long	71039.58	71284.91	TP	24.53	3.552	20.98	0
1773471600000	2026-03-14 07:00	short	70684.01	70454.3	TP	22.97	3.5342	19.44	5
1773475200000	2026-03-14 08:00	short	70671.78	70453.34	TP	21.84	3.5336	18.31	3
1773478800000	2026-03-14 09:00	short	70702.82	70497.26	TP	20.56	3.5351	17.02	1
1773484200000	2026-03-14 10:30	short	70570.44	70701.02	SL	-13.06	3.5285	-16.59	1
1773583200000	2026-03-15 14:00	long	71457.39	71623.79	TP	16.64	3.5729	13.07	0
1773586800000	2026-03-15 15:00	long	71472.8	71361.46	SL	-11.13	3.5736	-14.71	2
1773599400000	2026-03-15 18:30	long	71390.53	71577.15	TP	18.66	3.5695	15.09	0
1773604800000	2026-03-15 20:00	long	71485.6	71658.27	TP	17.27	3.5743	13.69	1
1773675000000	2026-03-16 15:30	long	73274.76	73637.33	TP	36.26	3.6637	32.59	0
1773718200000	2026-03-17 03:30	long	74463.98	74213.13	SL	-25.09	3.7232	-28.81	2
1773759600000	2026-03-17 15:00	long	74054.35	74397.81	TP	34.35	3.7027	30.64	0
1773786600000	2026-03-17 22:30	long	74307.08	74115.22	SL	-19.19	3.7154	-22.9	0
1773806400000	2026-03-18 04:00	long	74253.78	74089.73	SL	-16.41	3.7127	-20.12	2
1773829800000	2026-03-18 10:30	long	73946.35	74145.7	TP	19.93	3.6973	16.24	0
1773885600000	2026-03-19 02:00	short	71244.99	70998.88	TP	24.61	3.5622	21.05	0
1773889200000	2026-03-19 03:00	short	71494.89	71242.17	TP	25.27	3.5747	21.7	0
1773912600000	2026-03-19 09:30	short	70513.0	70228.54	TP	28.45	3.5256	24.92	0
1773918000000	2026-03-19 11:00	short	70204.15	69944.2	TP	26.0	3.5102	22.49	1
1773927000000	2026-03-19 13:30	short	69905.65	69598.5	TP	30.71	3.4953	27.22	0
1773934200000	2026-03-19 15:30	short	69412.51	69040.87	TP	37.16	3.4706	33.69	0
1774015200000	2026-03-20 14:00	short	69940.48	69657.27	TP	28.32	3.497	24.82	0
1774020600000	2026-03-20 15:30	short	69860.09	70056.45	SL	-19.64	3.493	-23.13	1
1774027800000	2026-03-20 17:30	short	70000.0	69699.94	TP	30.01	3.5	26.51	0
1774112400000	2026-03-21 17:00	short	70368.48	70218.49	TP	15.0	3.5184	11.48	0
1774116000000	2026-03-21 18:00	short	70412.67	70509.24	SL	-9.66	3.5206	-13.18	1
1774180800000	2026-03-22 12:00	short	68662.51	68443.51	TP	21.9	3.4331	18.47	0
1774216800000	2026-03-22 22:00	short	68256.0	67996.88	TP	25.91	3.4128	22.5	0
1774227600000	2026-03-23 01:00	short	68091.54	67809.18	TP	28.24	3.4046	24.83	0
1774319400000	2026-03-24 02:30	long	70453.37	70246.27	SL	-20.71	3.5227	-24.23	5
1774326600000	2026-03-24 04:30	long	70372.44	70191.63	SL	-18.08	3.5186	-21.6	1
1774357200000	2026-03-24 13:00	long	70598.69	70841.71	TP	24.3	3.5299	20.77	0
1774382400000	2026-03-24 20:00	short	70012.33	70225.32	SL	-21.3	3.5006	-24.8	0
1774450800000	2026-03-25 15:00	long	71023.6	70817.5	SL	-20.61	3.5512	-24.16	0
1774458000000	2026-03-25 17:00	long	71077.88	70855.11	SL	-22.28	3.5539	-25.83	1
1774490400000	2026-03-26 02:00	long	70894.93	71135.05	TP	24.01	3.5447	20.47	0
1774555200000	2026-03-26 20:00	short	69168.99	69372.01	SL	-20.3	3.4584	-23.76	0
1774587600000	2026-03-27 05:00	short	68599.39	68750.04	SL	-15.07	3.43	-18.5	0
1774645200000	2026-03-27 21:00	short	66151.47	66328.54	SL	-17.71	3.3076	-21.01	5
1774652400000	2026-03-27 23:00	short	66190.76	66345.43	SL	-15.47	3.3095	-18.78	1
1774744200000	2026-03-29 00:30	short	66487.93	66587.05	SL	-9.91	3.3244	-13.24	1
1774780200000	2026-03-29 10:30	short	66502.79	66592.03	SL	-8.92	3.3251	-12.25	1
1774798200000	2026-03-29 15:30	short	66523.0	66364.19	TP	15.88	3.3262	12.55	0
1774805400000	2026-03-29 17:30	short	66385.84	66495.22	SL	-10.94	3.3193	-14.26	2
1774828800000	2026-03-30 00:00	short	66574.21	66768.88	SL	-19.47	3.3287	-22.8	0
1774879200000	2026-03-30 14:00	long	67313.59	67563.04	TP	24.95	3.3657	21.58	0
1774886400000	2026-03-30 16:00	long	67351.12	67632.17	TP	28.11	3.3676	24.74	0
1774900800000	2026-03-30 20:00	short	66655.94	66838.26	SL	-18.23	3.3328	-21.57	2
1774940400000	2026-03-31 07:00	long	67288.37	67120.12	SL	-16.82	3.3644	-20.19	0
1774954800000	2026-03-31 11:00	short	66644.0	66838.47	SL	-19.45	3.3322	-22.78	0
1775007000000	2026-04-01 01:30	long	67782.73	68084.21	TP	30.15	3.3891	26.76	0
1775046600000	2026-04-01 12:30	long	68393.6	68644.75	TP	25.11	3.4197	21.7	0
1775050200000	2026-04-01 13:30	long	68116.07	67929.61	SL	-18.65	3.4058	-22.05	0
1775064600000	2026-04-01 17:30	long	68266.62	68073.65	SL	-19.3	3.4133	-22.71	1
1775079000000	2026-04-01 21:30	long	68362.53	68194.25	SL	-16.83	3.4181	-20.25	1
1775115000000	2026-04-02 07:30	short	66930.79	66688.17	TP	24.26	3.3465	20.92	0
1775140200000	2026-04-02 14:30	short	66868.18	67046.4	SL	-17.82	3.3434	-21.17	0
1775183400000	2026-04-03 02:30	short	66533.81	66329.83	TP	20.4	3.3267	17.07	0
1775349000000	2026-04-05 00:30	long	67225.0	67169.16	SL	-5.58	3.3612	-8.95	0
1775377800000	2026-04-05 08:30	short	66933.18	66843.3	TP	8.99	3.3467	5.64	0
1775395800000	2026-04-05 13:30	short	66890.7	66794.99	TP	9.57	3.3445	6.23	0
1775511000000	2026-04-06 21:30	long	69504.99	69357.73	SL	-14.73	3.4752	-18.2	1
1775556000000	2026-04-07 10:00	long	68736.99	68939.24	TP	20.22	3.4368	16.79	0
1775559600000	2026-04-07 11:00	short	68378.29	68156.93	TP	22.14	3.4189	18.72	0
1775563200000	2026-04-07 12:00	short	68423.34	68203.22	TP	22.01	3.4212	18.59	0
1775574000000	2026-04-07 15:00	short	68189.16	67941.57	TP	24.76	3.4095	21.35	0
1775656800000	2026-04-08 14:00	long	71454.76	71749.89	TP	29.51	3.5727	25.94	0
1775671200000	2026-04-08 18:00	long	71389.94	71692.39	TP	30.25	3.5695	26.68	0
1775680200000	2026-04-08 20:30	long	71372.93	71646.16	TP	27.32	3.5686	23.75	1
1775685600000	2026-04-08 22:00	long	71165.36	71436.34	TP	27.1	3.5583	23.54	0
1775732400000	2026-04-09 11:00	long	71078.85	71285.05	TP	20.62	3.5539	17.07	0
1775739600000	2026-04-09 13:00	long	71109.22	71307.98	TP	19.88	3.5555	16.32	0
1775775600000	2026-04-09 23:00	long	71794.52	72128.41	TP	33.39	3.5897	29.8	5
1775790000000	2026-04-10 03:00	long	71814.76	72099.56	TP	28.48	3.5907	24.89	3
1775802600000	2026-04-10 06:30	long	71805.38	71647.7	SL	-15.77	3.5903	-19.36	2
1775880000000	2026-04-11 04:00	long	72731.45	72908.89	TP	17.74	3.6366	14.11	0
1775912400000	2026-04-11 13:00	long	72616.78	72528.94	SL	-8.78	3.6308	-12.42	0
1775948400000	2026-04-11 23:00	long	73136.0	73019.29	SL	-11.67	3.6568	-15.33	0
1776015000000	2026-04-12 17:30	short	71140.51	70981.97	TP	15.85	3.557	12.3	0
1776033000000	2026-04-12 22:30	short	70912.73	70719.01	TP	19.37	3.5456	15.83	0
1776038400000	2026-04-13 00:00	short	70982.39	70776.57	TP	20.58	3.5491	17.03	0
1776065400000	2026-04-13 07:30	short	70813.88	70641.15	TP	17.27	3.5407	13.73	2
1776070800000	2026-04-13 09:00	short	70789.38	70902.78	SL	-11.34	3.5395	-14.88	0
1776189600000	2026-04-14 18:00	long	74524.36	74307.81	SL	-21.65	3.7262	-25.38	1
1776218400000	2026-04-15 02:00	long	74348.57	74618.93	TP	27.04	3.7174	23.32	0
1776259800000	2026-04-15 13:30	long	74063.92	73914.2	SL	-14.97	3.7032	-18.68	0
1776263400000	2026-04-15 14:30	long	74151.81	73980.85	SL	-17.1	3.7076	-20.8	0
1776324600000	2026-04-16 07:30	long	74707.03	74568.78	SL	-13.82	3.7354	-17.56	1
1776331800000	2026-04-16 09:30	long	74594.02	74794.89	TP	20.09	3.7297	16.36	0
1776342600000	2026-04-16 12:30	long	74624.0	74817.68	TP	19.37	3.7312	15.64	1
1776351600000	2026-04-16 15:00	short	74189.61	74388.42	SL	-19.88	3.7095	-23.59	0
1776387600000	2026-04-17 01:00	long	74752.53	75010.64	TP	25.81	3.7376	22.07	0
1776402000000	2026-04-17 05:00	long	74666.03	74877.77	TP	21.17	3.7333	17.44	3
1776483000000	2026-04-18 03:30	long	77005.47	77226.63	TP	22.12	3.8503	18.27	3
1776497400000	2026-04-18 07:30	long	76997.8	76883.36	SL	-11.44	3.8499	-15.29	1
1776571200000	2026-04-19 04:00	short	75676.35	75782.36	SL	-10.6	3.7838	-14.39	0
1776594600000	2026-04-19 10:30	short	75222.45	75052.0	TP	17.04	3.7611	13.28	0
1776648600000	2026-04-20 01:30	short	74595.13	74348.34	TP	24.68	3.7298	20.95	0
1776663000000	2026-04-20 05:30	short	74264.15	74408.12	SL	-14.4	3.7132	-18.11	1
1776726000000	2026-04-20 23:00	long	75658.0	75930.07	TP	27.21	3.7829	23.42	0
1776736800000	2026-04-21 02:00	long	75721.38	75557.11	SL	-16.43	3.7861	-20.21	2
1776751200000	2026-04-21 06:00	long	75760.41	75953.29	TP	19.29	3.788	15.5	1
1776774600000	2026-04-21 12:30	long	76009.46	75836.55	SL	-17.29	3.8005	-21.09	0
1776792600000	2026-04-21 17:30	short	75545.62	75764.35	SL	-21.87	3.7773	-25.65	0
1776801600000	2026-04-21 20:00	short	75646.81	75285.68	TP	36.11	3.7823	32.33	0
1776889800000	2026-04-22 20:30	long	78436.68	78685.9	TP	24.92	3.9218	21.0	2
1776898800000	2026-04-22 23:00	long	78331.01	78173.78	SL	-15.72	3.9166	-19.64	0
1776927600000	2026-04-23 07:00	long	78149.99	77999.0	SL	-15.1	3.9075	-19.01	1
1776979800000	2026-04-23 21:30	long	77864.83	78127.78	TP	26.3	3.8932	22.4	1
1776992400000	2026-04-24 01:00	long	78025.99	78263.13	TP	23.71	3.9013	19.81	0
1777042800000	2026-04-24 15:00	long	77825.99	77666.81	SL	-15.92	3.8913	-19.81	0
1777071600000	2026-04-24 23:00	short	77409.61	77530.42	SL	-12.08	3.8705	-15.95	4
1777077000000	2026-04-25 00:30	short	77456.88	77566.81	SL	-10.99	3.8728	-14.87	2
1777132800000	2026-04-25 16:00	short	77394.82	77291.96	TP	10.29	3.8697	6.42	1
1777140000000	2026-04-25 18:00	short	77326.42	77220.28	TP	10.61	3.8663	6.75	0
1777145400000	2026-04-25 19:30	short	77330.01	77228.97	TP	10.1	3.8665	6.24	0
1777206600000	2026-04-26 12:30	long	77833.08	77936.0	TP	10.29	3.8917	6.4	0
1777221000000	2026-04-26 16:30	long	77919.43	78026.4	TP	10.7	3.896	6.8	0
1777278600000	2026-04-27 08:30	short	77804.34	77559.03	TP	24.53	3.8902	20.64	0
1777294800000	2026-04-27 13:00	short	77712.69	77833.12	SL	-12.04	3.8856	-15.93	1
1777320000000	2026-04-27 20:00	short	76994.26	76771.0	TP	22.33	3.8497	18.48	4
1777327200000	2026-04-27 22:00	short	76971.44	76773.06	TP	19.84	3.8486	15.99	0
1777347000000	2026-04-28 03:30	short	76815.18	76934.22	SL	-11.9	3.8408	-15.74	2
1777361400000	2026-04-28 07:30	short	76879.28	76690.67	TP	18.86	3.844	15.02	0
1777372200000	2026-04-28 10:30	short	76618.35	76443.63	TP	17.47	3.8309	13.64	1
1777393800000	2026-04-28 16:30	short	76125.04	75927.3	TP	19.77	3.8063	15.97	0
1777496400000	2026-04-29 21:00	short	75822.88	76005.49	SL	-18.26	3.7911	-22.05	1
1777527000000	2026-04-30 05:30	short	75600.09	75754.05	SL	-15.4	3.78	-19.18	2
1777667400000	2026-05-01 20:30	long	77880.18	78117.46	TP	23.73	3.894	19.83	0
1777696200000	2026-05-02 04:30	long	78175.5	78068.43	SL	-10.71	3.9088	-14.62	1
1777719600000	2026-05-02 11:00	long	78210.98	78138.62	SL	-7.24	3.9105	-11.15	1
1777725000000	2026-05-02 12:30	long	78211.24	78315.29	TP	10.41	3.9106	6.49	1
1777770000000	2026-05-03 01:00	long	78280.68	78414.71	TP	13.4	3.914	9.49	0
1777849200000	2026-05-03 23:00	long	78657.46	78849.13	TP	19.17	3.9329	15.23	0
1777937400000	2026-05-04 23:30	long	79861.01	80122.79	TP	26.18	3.9931	22.18	2
1778020200000	2026-05-05 22:30	long	81111.27	80967.11	SL	-14.42	4.0556	-18.47	0
1778032800000	2026-05-06 02:00	long	81144.57	81369.33	TP	22.48	4.0572	18.42	0
1778043600000	2026-05-06 05:00	long	81259.77	81119.59	SL	-14.02	4.063	-18.08	1
1778074200000	2026-05-06 13:30	long	81670.89	81906.71	TP	23.58	4.0835	19.5	0
1778121000000	2026-05-07 02:30	short	81113.34	80905.46	TP	20.79	4.0557	16.73	0
1778126400000	2026-05-07 04:00	short	80933.34	80733.04	TP	20.03	4.0467	15.98	0
1778142600000	2026-05-07 08:30	long	81231.24	81427.37	TP	19.61	4.0616	15.55	0
1778149800000	2026-05-07 10:30	short	80850.75	80646.27	TP	20.45	4.0425	16.41	0
1778176800000	2026-05-07 18:00	short	80126.04	80286.49	SL	-16.04	4.0063	-20.05	4
1778182200000	2026-05-07 19:30	short	80146.11	80300.53	SL	-15.44	4.0073	-19.45	1
1778191200000	2026-05-07 22:00	short	79903.32	79675.05	TP	22.83	3.9952	18.83	0
1778212800000	2026-05-08 04:00	short	79729.75	79531.78	TP	19.8	3.9865	15.81	4
1778225400000	2026-05-08 07:30	short	79682.4	79497.39	TP	18.5	3.9841	14.52	0
1778374800000	2026-05-10 01:00	long	80603.57	80708.1	TP	10.45	4.0302	6.42	2
1778392800000	2026-05-10 06:00	long	80658.97	80751.35	TP	9.24	4.0329	5.2	1
1778464800000	2026-05-11 02:00	long	81241.58	81539.8	TP	29.82	4.0621	25.76	0
1778470200000	2026-05-11 03:30	short	80736.01	80929.32	SL	-19.33	4.0368	-23.37	3
1778495400000	2026-05-11 10:30	long	80940.0	81138.64	TP	19.86	4.047	15.82	0
1778544000000	2026-05-12 00:00	long	81566.11	81779.81	TP	21.37	4.0783	17.29	0
1778587200000	2026-05-12 12:00	short	80820.38	80922.55	SL	-10.22	4.041	-14.26	1
1778605200000	2026-05-12 17:00	short	80426.27	80191.19	TP	23.51	4.0213	19.49	0
1778666400000	2026-05-13 10:00	long	80974.02	81121.84	TP	14.78	4.0487	10.73	0
1778695200000	2026-05-13 18:00	short	79767.98	79545.94	TP	22.2	3.9884	18.22	0
1778700600000	2026-05-13 19:30	short	79642.41	79432.57	TP	20.98	3.9821	17.0	3
1778711400000	2026-05-13 22:30	short	79428.46	79237.78	TP	19.07	3.9714	15.1	2
1778716800000	2026-05-14 00:00	short	79462.0	79585.0	SL	-12.3	3.9731	-16.27	0
1778731200000	2026-05-14 04:00	short	79317.66	79103.72	TP	21.39	3.9659	17.43	0
1778760000000	2026-05-14 12:00	short	79423.19	79246.41	TP	17.68	3.9712	13.71	0
1778810400000	2026-05-15 02:00	long	80910.01	81156.8	TP	24.68	4.0455	20.63	0
1778815800000	2026-05-15 03:30	long	81059.15	80890.15	SL	-16.9	4.053	-20.95	2
1778824800000	2026-05-15 06:00	short	80524.85	80686.8	SL	-16.19	4.0262	-20.22	2
1778895000000	2026-05-16 01:30	short	79168.0	79020.79	TP	14.72	3.9584	10.76	0
1778945400000	2026-05-16 15:30	short	78238.67	78344.21	SL	-10.55	3.9119	-14.47	1
1778986800000	2026-05-17 03:00	short	78000.75	78083.86	SL	-8.31	3.9	-12.21	2
1779031800000	2026-05-17 15:30	short	78051.41	78134.77	SL	-8.34	3.9026	-12.24	1
1779087600000	2026-05-18 07:00	short	77035.47	76822.99	TP	21.25	3.8518	17.4	0
1779103800000	2026-05-18 11:30	short	77285.83	77089.53	TP	19.63	3.8643	15.77	0
1779121800000	2026-05-18 16:30	short	76410.01	76584.31	SL	-17.43	3.8205	-21.25	1
1779130800000	2026-05-18 19:00	short	76638.35	76821.61	SL	-18.33	3.8319	-22.16	0
1779202800000	2026-05-19 15:00	short	76500.0	76657.05	SL	-15.71	3.825	-19.53	0
1779283800000	2026-05-20 13:30	long	77204.61	77096.18	SL	-10.84	3.8602	-14.7	0
1779314400000	2026-05-20 22:00	long	77434.01	77309.92	SL	-12.41	3.8717	-16.28	0
1779318000000	2026-05-20 23:00	long	77394.19	77567.23	TP	17.3	3.8697	13.43	2
1779345000000	2026-05-21 06:30	long	77622.14	77782.18	TP	16.0	3.8811	12.12	0
1779355800000	2026-05-21 09:30	long	77633.02	77796.04	TP	16.3	3.8817	12.42	0
1779366600000	2026-05-21 12:30	short	77278.53	77103.39	TP	17.51	3.8639	13.65	0
1779375600000	2026-05-21 15:00	short	77272.0	77060.54	TP	21.15	3.8636	17.28	0
1779408000000	2026-05-22 00:00	long	77484.0	77362.6	SL	-12.14	3.8742	-16.01	2
1779426000000	2026-05-22 05:00	long	77602.39	77504.55	SL	-9.78	3.8801	-13.66	1
1779442200000	2026-05-22 09:30	short	77307.11	77399.25	SL	-9.21	3.8654	-13.08	4
1779469200000	2026-05-22 17:00	short	77060.14	76896.5	TP	16.36	3.853	12.51	0
1779541200000	2026-05-23 13:00	short	74988.01	74846.91	TP	14.11	3.7494	10.36	0
1779629400000	2026-05-24 13:30	long	76802.23	76699.16	SL	-10.31	3.8401	-14.15	0
1779652800000	2026-05-24 20:00	long	76684.25	76583.51	SL	-10.07	3.8342	-13.91	2
1779737400000	2026-05-25 19:30	long	77441.86	77354.87	SL	-8.7	3.8721	-12.57	0
1779771600000	2026-05-26 05:00	short	76864.42	76719.78	TP	14.46	3.8432	10.62	0
1779782400000	2026-05-26 08:00	short	76807.73	76665.31	TP	14.24	3.8404	10.4	2
1779823800000	2026-05-26 19:30	short	76052.0	75777.58	TP	27.44	3.8026	23.64	5
1779836400000	2026-05-26 23:00	short	75905.99	76058.28	SL	-15.23	3.7953	-19.02	3
1779849000000	2026-05-27 02:30	short	75879.0	75688.48	TP	19.05	3.794	15.26	2
1779859800000	2026-05-27 05:30	short	75697.99	75814.78	SL	-11.68	3.7849	-15.46	2
1779894000000	2026-05-27 15:00	short	75352.89	75130.49	TP	22.24	3.7676	18.47	0
1779899400000	2026-05-27 16:30	short	75304.01	75075.23	TP	22.88	3.7652	19.11	0
1779906600000	2026-05-27 18:30	short	75026.67	75178.45	SL	-15.18	3.7513	-18.93	3
1779953400000	2026-05-28 07:30	short	73498.0	73259.55	TP	23.84	3.6749	20.17	0
1779958800000	2026-05-28 09:00	short	73404.3	73551.63	SL	-14.73	3.6702	-18.4	1
1779967800000	2026-05-28 11:30	short	73505.66	73305.99	TP	19.97	3.6753	16.29	1
1779984000000	2026-05-28 16:00	short	73150.02	72879.2	TP	27.08	3.6575	23.42	0
1780065000000	2026-05-29 14:30	short	73096.85	72877.86	TP	21.9	3.6548	18.24	0
1780182000000	2026-05-30 23:00	long	73838.0	73933.85	TP	9.59	3.6919	5.89	0
1780210800000	2026-05-31 07:00	long	73892.37	73989.97	TP	9.76	3.6946	6.07	0
1780227000000	2026-05-31 11:30	long	73937.79	73876.95	SL	-6.08	3.6969	-9.78	1
1780239600000	2026-05-31 15:00	short	73748.67	73637.86	TP	11.08	3.6874	7.39	0
1780248600000	2026-05-31 17:30	short	73709.44	73594.79	TP	11.47	3.6855	7.78	2
1780255800000	2026-05-31 19:30	short	73563.42	73637.81	SL	-7.44	3.6782	-11.12	1
1780279200000	2026-06-01 02:00	short	73523.99	73348.61	TP	17.54	3.6762	13.86	0
1780353000000	2026-06-01 22:30	short	71408.0	71161.31	TP	24.67	3.5704	21.1	0
1780356600000	2026-06-01 23:30	short	71408.9	71570.85	SL	-16.2	3.5704	-19.77	0
1780360200000	2026-06-02 00:30	short	71289.23	71056.21	TP	23.3	3.5645	19.74	2
1780432200000	2026-06-02 20:30	short	67587.77	67209.7	TP	37.81	3.3794	34.43	0
1780448400000	2026-06-03 01:00	short	67024.01	66625.25	TP	39.88	3.3512	36.53	1
1780459200000	2026-06-03 04:00	short	66579.32	66170.0	TP	40.93	3.329	37.6	0
1780522200000	2026-06-03 21:30	short	65768.88	65402.11	TP	36.68	3.2884	33.39	0
1780542000000	2026-06-04 03:00	short	63919.99	63373.26	TP	54.67	3.196	51.48	0
1780561800000	2026-06-04 08:30	short	63629.99	63167.69	TP	46.23	3.1815	43.05	1
1780565400000	2026-06-04 09:30	short	63266.0	62795.28	TP	47.07	3.1633	43.91	0
1780574400000	2026-06-04 12:00	short	63267.99	62784.77	TP	48.32	3.1634	45.16	0
1780632000000	2026-06-05 04:00	short	63240.32	62863.4	TP	37.69	3.162	34.53	0
1780642800000	2026-06-05 07:00	short	62252.95	61760.44	TP	49.25	3.1126	46.14	0
1780677000000	2026-06-05 16:30	short	61394.39	60805.89	TP	58.85	3.0697	55.78	0
1780680600000	2026-06-05 17:30	short	60813.99	60238.2	TP	57.58	3.0407	54.54	1
1780687800000	2026-06-05 19:30	short	60300.24	59691.72	TP	60.85	3.015	57.84	0
1780722000000	2026-06-06 05:00	short	60751.3	60245.19	TP	50.61	3.0376	47.57	0
1780833600000	2026-06-07 12:00	long	61935.92	62191.62	TP	25.57	3.0968	22.47	0
1780842600000	2026-06-07 14:30	long	61905.49	62173.9	TP	26.84	3.0953	23.75	0
1780862400000	2026-06-07 20:00	short	61745.41	61469.43	TP	27.6	3.0873	24.51	0
1780947000000	2026-06-08 19:30	long	63372.01	63188.11	SL	-18.39	3.1686	-21.56	1
1780956000000	2026-06-08 22:00	long	63364.83	63632.65	TP	26.78	3.1682	23.61	0
1780966800000	2026-06-09 01:00	short	62778.0	62963.24	SL	-18.52	3.1389	-21.66	4
1780970400000	2026-06-09 02:00	short	62775.99	62953.0	SL	-17.7	3.1388	-20.84	2
1780988400000	2026-06-09 07:00	long	63030.82	63274.98	TP	24.42	3.1515	21.26	0
1781004600000	2026-06-09 11:30	short	62711.12	62853.82	SL	-14.27	3.1356	-17.41	1
1781029800000	2026-06-09 18:30	short	61792.01	61977.05	SL	-18.5	3.0896	-21.59	2
1781060400000	2026-06-10 03:00	short	61576.48	61332.48	TP	24.4	3.0788	21.32	0
1781073000000	2026-06-10 06:30	short	61472.89	61257.05	TP	21.58	3.0736	18.51	0
1781083800000	2026-06-10 09:30	short	61334.94	61103.73	TP	23.12	3.0667	20.05	3
1781092800000	2026-06-10 12:00	short	61167.99	61318.97	SL	-15.1	3.0584	-18.16	1
1781130600000	2026-06-10 22:30	short	61381.46	61566.72	SL	-18.53	3.0691	-21.6	0
1781193600000	2026-06-11 16:00	long	62639.78	62481.42	SL	-15.84	3.132	-18.97	2
1781242200000	2026-06-12 05:30	long	63358.2	63229.46	SL	-12.87	3.1679	-16.04	1
1781265600000	2026-06-12 12:00	long	63463.19	63655.24	TP	19.2	3.1732	16.03	0
1781292600000	2026-06-12 19:30	long	63589.27	63808.22	TP	21.9	3.1795	18.72	0
1781319600000	2026-06-13 03:00	long	63511.81	63666.01	TP	15.42	3.1756	12.24	0
1781411400000	2026-06-14 04:30	long	64339.07	64440.88	TP	10.18	3.217	6.96	0
1781418600000	2026-06-14 06:30	long	64286.1	64387.64	TP	10.15	3.2143	6.94	0
1781427600000	2026-06-14 09:00	long	64353.99	64453.81	TP	9.98	3.2177	6.76	0
1781440200000	2026-06-14 12:30	long	64327.53	64432.26	TP	10.47	3.2164	7.26	0
1781467200000	2026-06-14 20:00	short	63923.99	63809.05	TP	11.49	3.1962	8.3	0
1781557200000	2026-06-15 21:00	long	66410.0	66271.14	SL	-13.89	3.3205	-17.21	2
1781573400000	2026-06-16 01:30	long	66346.52	66227.64	SL	-11.89	3.3173	-15.21	1
1781614800000	2026-06-16 13:00	long	66019.2	66230.31	TP	21.11	3.301	17.81	0
1781622000000	2026-06-16 15:00	short	65814.01	65974.18	SL	-16.02	3.2907	-19.31	1
1781640000000	2026-06-16 20:00	short	65721.39	65862.25	SL	-14.09	3.2861	-17.37	1
1781672400000	2026-06-17 05:00	long	65856.0	65741.1	SL	-11.49	3.2928	-14.78	2
1781699400000	2026-06-17 12:30	short	65040.88	64846.2	TP	19.47	3.252	16.22	0
1781703000000	2026-06-17 13:30	short	65278.0	65070.83	TP	20.72	3.2639	17.45	0
1781737200000	2026-06-17 23:00	short	64496.0	64709.32	SL	-21.33	3.2248	-24.56	4
1781766000000	2026-06-18 07:00	short	64304.59	64079.58	TP	22.5	3.2152	19.29	0
1781778600000	2026-06-18 10:30	short	64078.61	64216.04	SL	-13.74	3.2039	-16.95	0
1781784000000	2026-06-18 12:00	short	64201.31	63997.33	TP	20.4	3.2101	17.19	0
1781812800000	2026-06-18 20:00	short	63118.01	62858.78	TP	25.92	3.1559	22.77	4
1781825400000	2026-06-18 23:30	short	62958.01	63094.53	SL	-13.65	3.1479	-16.8	3
1781847000000	2026-06-19 05:30	short	62739.2	62867.74	SL	-12.85	3.137	-15.99	2
1781865000000	2026-06-19 10:30	short	62533.25	62649.28	SL	-11.6	3.1267	-14.73	1
1782028800000	2026-06-21 08:00	long	64053.18	64158.24	TP	10.51	3.2027	7.3	0
1782041400000	2026-06-21 11:30	long	64176.0	64303.23	TP	12.72	3.2088	9.51	0
1782046800000	2026-06-21 13:00	long	64164.0	64076.73	SL	-8.73	3.2082	-11.93	1
1782059400000	2026-06-21 16:30	long	64145.31	64061.83	SL	-8.35	3.2073	-11.56	0
1782072000000	2026-06-21 20:00	long	64109.66	64230.03	TP	12.04	3.2055	8.83	0
1782086400000	2026-06-22 00:00	short	63720.01	63541.7	TP	17.83	3.186	14.64	0
1782118800000	2026-06-22 09:00	long	64116.82	64317.21	TP	20.04	3.2058	16.83	4
1782147600000	2026-06-22 17:00	long	64529.52	64757.97	TP	22.85	3.2265	19.62	0
1782153000000	2026-06-22 18:30	long	64334.01	64553.45	TP	21.94	3.2167	18.73	0
1782174600000	2026-06-23 00:30	short	64154.99	63959.95	TP	19.5	3.2077	16.3	0
1782221400000	2026-06-23 13:30	short	62475.99	62247.26	TP	22.87	3.1238	19.75	0
1782228600000	2026-06-23 15:30	short	62487.79	62251.54	TP	23.63	3.1244	20.5	0
1782241200000	2026-06-23 19:00	short	62442.0	62587.99	SL	-14.6	3.1221	-17.72	4
1782300600000	2026-06-24 11:30	short	62921.19	63035.98	SL	-11.48	3.1461	-14.63	0
1782331200000	2026-06-24 20:00	short	60773.99	60419.25	TP	35.47	3.0387	32.44	0
1782408600000	2026-06-25 17:30	short	59676.01	59242.17	TP	43.38	2.9838	40.4	3
1782417600000	2026-06-25 20:00	short	59628.0	59882.2	SL	-25.42	2.9814	-28.4	3
1782442800000	2026-06-26 03:00	short	59100.36	58728.6	TP	37.18	2.955	34.22	0
1782471600000	2026-06-26 11:00	short	59419.01	59625.23	SL	-20.62	2.971	-23.59	2
1782480600000	2026-06-26 13:30	short	60175.43	59774.9	TP	40.05	3.0088	37.04	0
1782590400000	2026-06-27 20:00	short	60277.89	60375.63	SL	-9.77	3.0139	-12.79	2
1782604800000	2026-06-28 00:00	short	60166.8	60014.85	TP	15.2	3.0083	12.19	2
1782624600000	2026-06-28 05:30	short	59989.17	59848.9	TP	14.03	2.9995	11.03	0
1782676800000	2026-06-28 20:00	short	59713.73	59545.49	TP	16.82	2.9857	13.84	0
1782680400000	2026-06-28 21:00	short	59713.4	59558.5	TP	15.49	2.9857	12.5	1
1782687600000	2026-06-28 23:00	short	59546.54	59319.25	TP	22.73	2.9773	19.75	0
1782693000000	2026-06-29 00:30	short	59667.01	59407.88	TP	25.91	2.9834	22.93	0
1782797400000	2026-06-30 05:30	short	59652.13	59460.21	TP	19.19	2.9826	16.21	0
1782804600000	2026-06-30 07:30	short	59524.01	59349.63	TP	17.44	2.9762	14.46	2
1782828000000	2026-06-30 14:00	short	59039.99	59188.41	SL	-14.84	2.952	-17.79	0
1782844200000	2026-06-30 18:30	short	58680.87	58437.48	TP	24.34	2.934	21.4	0
1782865800000	2026-07-01 00:30	short	58576.0	58391.13	TP	18.49	2.9288	15.56	1
1782869400000	2026-07-01 01:30	short	58770.57	58927.41	SL	-15.68	2.9385	-18.62	0
1782950400000	2026-07-02 00:00	long	59780.55	59609.12	SL	-17.14	2.989	-20.13	1
1782975600000	2026-07-02 07:00	long	60165.25	60399.0	TP	23.38	3.0083	20.37	2
1783036800000	2026-07-03 00:00	long	61303.55	61496.62	TP	19.31	3.0652	16.24	0
1783044000000	2026-07-03 02:00	long	61398.93	61594.4	TP	19.55	3.0699	16.48	0
1783144800000	2026-07-04 06:00	long	62422.0	62568.86	TP	14.69	3.1211	11.57	2
1783155600000	2026-07-04 09:00	long	62477.05	62603.08	TP	12.6	3.1239	9.48	6
1783162800000	2026-07-04 11:00	long	62481.93	62592.36	TP	11.04	3.1241	7.92	2
1783211400000	2026-07-05 00:30	long	62991.29	62899.75	SL	-9.15	3.1496	-12.3	0
1783242000000	2026-07-05 09:00	long	62735.01	62859.17	TP	12.42	3.1368	9.28	0
1783263600000	2026-07-05 15:00	long	62770.0	62896.38	TP	12.64	3.1385	9.5	0
1783281600000	2026-07-05 20:00	long	62720.0	62642.5	SL	-7.75	3.136	-10.89	2
1783314000000	2026-07-06 05:00	long	63016.01	63202.23	TP	18.62	3.1508	15.47	0
1783350000000	2026-07-06 15:00	short	62464.0	62193.28	TP	27.07	3.1232	23.95	0
1783389600000	2026-07-07 02:00	long	63570.01	63811.47	TP	24.15	3.1785	20.97	0
1783402200000	2026-07-07 05:30	short	63128.01	63274.57	SL	-14.66	3.1564	-17.81	0
1783450800000	2026-07-07 19:00	long	63601.76	63438.68	SL	-16.31	3.1801	-19.49	0
1783458000000	2026-07-07 21:00	long	63520.0	63757.16	TP	23.72	3.176	20.54	0
1783467000000	2026-07-07 23:30	long	63363.99	63586.84	TP	22.29	3.1682	19.12	0
1783472400000	2026-07-08 01:00	long	63425.37	63643.95	TP	21.86	3.1713	18.69	0
1783479600000	2026-07-08 03:00	short	63053.81	62824.72	TP	22.91	3.1527	19.76	1
1783494000000	2026-07-08 07:00	short	62812.0	62605.17	TP	20.68	3.1406	17.54	0
1783510200000	2026-07-08 11:30	short	62299.99	62444.29	SL	-14.43	3.115	-17.55	1
1783526400000	2026-07-08 16:00	short	61916.31	62067.29	SL	-15.1	3.0958	-18.19	1
1783566000000	2026-07-09 03:00	short	61917.12	62053.23	SL	-13.61	3.0959	-16.71	1
1783612800000	2026-07-09 16:00	long	62711.42	62956.17	TP	24.47	3.1356	21.34	0
1783693800000	2026-07-10 14:30	long	63914.87	64138.38	TP	22.35	3.1957	19.16	0
1783697400000	2026-07-10 15:30	long	64040.0	63892.85	SL	-14.72	3.202	-17.92	2
1783702800000	2026-07-10 17:00	long	63978.0	63830.53	SL	-14.75	3.1989	-17.95	1
1783733400000	2026-07-11 01:30	long	64012.95	64167.34	TP	15.44	3.2006	12.24	0
1783783800000	2026-07-11 15:30	long	64175.75	64104.12	SL	-7.16	3.2088	-10.37	0
1783787400000	2026-07-11 16:30	long	64180.01	64107.25	SL	-7.28	3.209	-10.48	0
1783796400000	2026-07-11 19:00	long	64233.69	64332.6	TP	9.89	3.2117	6.68	0
1783807200000	2026-07-11 22:00	long	64251.3	64342.17	TP	9.09	3.2126	5.87	0
1783828800000	2026-07-12 04:00	long	64070.0	64180.59	TP	11.06	3.2035	7.86	0
1783839600000	2026-07-12 07:00	short	63865.46	63749.69	TP	11.58	3.1933	8.38	0
1783929600000	2026-07-13 08:00	short	63100.0	63221.3	SL	-12.13	3.155	-15.28	1
1783940400000	2026-07-13 11:00	short	63028.32	62862.62	TP	16.57	3.1514	13.42	2
1783953000000	2026-07-13 14:30	short	62791.85	62584.57	TP	20.73	3.1396	17.59	0
1783971000000	2026-07-13 19:30	short	62288.23	62094.11	TP	19.41	3.1144	16.3	0
1783980000000	2026-07-13 22:00	short	62156.0	61972.35	TP	18.37	3.1078	15.26	1
1783983600000	2026-07-13 23:00	short	62164.77	61973.92	TP	19.09	3.1082	15.98	0
1784098800000	2026-07-15 07:00	long	64529.73	64713.44	TP	18.37	3.2265	15.14	0
1784140200000	2026-07-15 18:30	long	64860.0	65060.05	TP	20.01	3.243	16.76	0
1784149200000	2026-07-15 21:00	long	64870.88	64755.85	SL	-11.5	3.2435	-14.75	5
1784183400000	2026-07-16 06:30	long	64777.32	64682.52	SL	-9.48	3.2389	-12.72	0
1784206800000	2026-07-16 13:00	short	64249.99	64088.74	TP	16.13	3.2125	12.91	0
1784219400000	2026-07-16 16:30	long	64484.0	64341.15	SL	-14.29	3.2242	-17.51	0
1784250000000	2026-07-17 01:00	short	63970.61	63802.77	TP	16.78	3.1985	13.59	1
1784282400000	2026-07-17 10:00	short	63098.01	63204.09	SL	-10.61	3.1549	-13.76	2
1784295000000	2026-07-17 13:30	short	63153.99	62974.34	TP	17.96	3.1577	14.81	0
1784451600000	2026-07-19 09:00	long	64578.0	64658.3	TP	8.03	3.2289	4.8	0
1784473200000	2026-07-19 15:00	long	64510.71	64605.79	TP	9.51	3.2255	6.28	0
1784478600000	2026-07-19 16:30	long	64538.72	64477.29	SL	-6.14	3.2269	-9.37	1
1784482200000	2026-07-19 17:30	long	64547.86	64654.55	TP	10.67	3.2274	7.44	0
1784494800000	2026-07-19 21:00	long	64472.0	64407.4	SL	-6.46	3.2236	-9.68	1
1784507400000	2026-07-20 00:30	long	64553.84	64450.62	SL	-10.32	3.2277	-13.55	0
1784521800000	2026-07-20 04:30	long	64540.01	64730.48	TP	19.05	3.227	15.82	0
1784530800000	2026-07-20 07:00	short	64130.72	63933.4	TP	19.73	3.2065	16.53	0
1784538000000	2026-07-20 09:00	short	64200.0	64353.6	SL	-15.36	3.21	-18.57	2
